experiment,phase,model,attacker_share,confirmations,acceptance_policy,attack_start_policy,abandonment_policy,tie_policy,success_probability,code_version,target_interval_sec,expected_wait_sec,mean_wait_sec,median_wait_sec,expected_work,mean_realized_work,trials,successes,ci_lower,ci_upper,mean_attack_duration_sec,seed,p05_wait_sec,p95_wait_sec,mean_deficit_at_acceptance,mean_attacker_blocks_at_acceptance,analytical_reversal_probability,abs_error,finite_600s_success_probability,finite_3600s_success_probability,deficit,deficit_probability,catchup_probability,break_even_value_reward_multiple,confirmation_requirement_m_minus_1,n_behind,m_needed,equal_chainwork_pair,attack_deadline_sec,expected_blocks_in_horizon,mean_blocks_in_horizon,expected_work_in_horizon,family,eventual_reversal_probability,mean_steps_taken,start_delay_sec,premining_lead,scenario,abandonment_deficit,external_hash_share,external_hash_duration_sec,external_hash_delay_sec,required_total_share,required_external_share,required_external_hash_ratio,expected_attack_cost,expected_value,break_even_value,expected_normalized_work,majority_cost_per_unit_time,cost_to_reach_confirmations,cost_of_normalized_work
P0_analytical_baseline,I,analytical_exact,0.01,1,600s × 1,,,strict,0.0003010101010100901,a2e0821,,,,,,,,,,,,,,,,,,,,,,,,,,,,,,,,,,,,,,,,,,,,,,,,,,,,
P0_analytical_baseline,I,analytical_poisson,0.01,1,600s × 1,,,strict,0.000252682928648551,a2e0821,,,,,,,,,,,,,,,,,,,,,,,,,,,,,,,,,,,,,,,,,,,,,,,,,,,,
P0_analytical_baseline,I,analytical_exact,0.01,1,600s × 1,,,tie_win,0.02000000000000001,a2e0821,,,,,,,,,,,,,,,,,,,,,,,,,,,,,,,,,,,,,,,,,,,,,,,,,,,,
P0_analytical_baseline,I,analytical_poisson,0.01,1,600s × 1,,,tie_win,0.020049659504318806,a2e0821,,,,,,,,,,,,,,,,,,,,,,,,,,,,,,,,,,,,,,,,,,,,,,,,,,,,
P0_analytical_baseline,I,analytical_exact,0.01,2,600s × 2,,,strict,9.950101010176317e-06,a2e0821,,,,,,,,,,,,,,,,,,,,,,,,,,,,,,,,,,,,,,,,,,,,,,,,,,,,
P0_analytical_baseline,I,analytical_poisson,0.01,2,600s × 2,,,strict,6.4034869833307084e-06,a2e0821,,,,,,,,,,,,,,,,,,,,,,,,,,,,,,,,,,,,,,,,,,,,,,,,,,,,
P0_analytical_baseline,I,analytical_exact,0.01,2,600s × 2,,,tie_win,0.0005960000000000207,a2e0821,,,,,,,,,,,,,,,,,,,,,,,,,,,,,,,,,,,,,,,,,,,,,,,,,,,,
P0_analytical_baseline,I,analytical_poisson,0.01,2,600s × 2,,,tie_win,0.0005013028220883786,a2e0821,,,,,,,,,,,,,,,,,,,,,,,,,,,,,,,,,,,,,,,,,,,,,,,,,,,,
P0_analytical_baseline,I,analytical_exact,0.01,3,600s × 3,,,strict,3.4512100999084063e-07,a2e0821,,,,,,,,,,,,,,,,,,,,,,,,,,,,,,,,,,,,,,,,,,,,,,,,,,,,
P0_analytical_baseline,I,analytical_poisson,0.01,3,600s × 3,,,strict,1.6558652515819006e-07,a2e0821,,,,,,,,,,,,,,,,,,,,,,,,,,,,,,,,,,,,,,,,,,,,,,,,,,,,
P0_analytical_baseline,I,analytical_exact,0.01,3,600s × 3,,,tie_win,1.9701199999916557e-05,a2e0821,,,,,,,,,,,,,,,,,,,,,,,,,,,,,,,,,,,,,,,,,,,,,,,,,,,,
P0_analytical_baseline,I,analytical_poisson,0.01,3,600s × 3,,,tie_win,1.3032317209504818e-05,a2e0821,,,,,,,,,,,,,,,,,,,,,,,,,,,,,,,,,,,,,,,,,,,,,,,,,,,,
P0_analytical_baseline,I,analytical_exact,0.01,5,600s × 5,,,strict,4.4701366317646615e-10,a2e0821,,,,,,,,,,,,,,,,,,,,,,,,,,,,,,,,,,,,,,,,,,,,,,,,,,,,
P0_analytical_baseline,I,analytical_poisson,0.01,5,600s × 5,,,strict,1.1439083014153084e-10,a2e0821,,,,,,,,,,,,,,,,,,,,,,,,,,,,,,,,,,,,,,,,,,,,,,,,,,,,
P0_analytical_baseline,I,analytical_exact,0.01,5,600s × 5,,,tie_win,2.4370737284057203e-08,a2e0821,,,,,,,,,,,,,,,,,,,,,,,,,,,,,,,,,,,,,,,,,,,,,,,,,,,,
P0_analytical_baseline,I,analytical_poisson,0.01,5,600s × 5,,,tie_win,9.161424951997788e-09,a2e0821,,,,,,,,,,,,,,,,,,,,,,,,,,,,,,,,,,,,,,,,,,,,,,,,,,,,
P0_analytical_baseline,I,analytical_exact,0.01,10,600s × 10,,,strict,1.703394491456759e-17,a2e0821,,,,,,,,,,,,,,,,,,,,,,,,,,,,,,,,,,,,,,,,,,,,,,,,,,,,
P0_analytical_baseline,I,analytical_poisson,0.01,10,600s × 10,,,strict,0.0,a2e0821,,,,,,,,,,,,,,,,,,,,,,,,,,,,,,,,,,,,,,,,,,,,,,,,,,,,
P0_analytical_baseline,I,analytical_exact,0.01,10,600s × 10,,,tie_win,1.6280665905281624e-15,a2e0821,,,,,,,,,,,,,,,,,,,,,,,,,,,,,,,,,,,,,,,,,,,,,,,,,,,,
P0_analytical_baseline,I,analytical_poisson,0.01,10,600s × 10,,,tie_win,1.1102230246251565e-16,a2e0821,,,,,,,,,,,,,,,,,,,,,,,,,,,,,,,,,,,,,,,,,,,,,,,,,,,,
P0_analytical_baseline,I,analytical_exact,0.05,1,600s × 1,,,strict,0.007631578947368479,a2e0821,,,,,,,,,,,,,,,,,,,,,,,,,,,,,,,,,,,,,,,,,,,,,,,,,,,,
P0_analytical_baseline,I,analytical_poisson,0.05,1,600s × 1,,,strict,0.006593508459243003,a2e0821,,,,,,,,,,,,,,,,,,,,,,,,,,,,,,,,,,,,,,,,,,,,,,,,,,,,
P0_analytical_baseline,I,analytical_exact,0.05,1,600s × 1,,,tie_win,0.10000000000000005,a2e0821,,,,,,,,,,,,,,,,,,,,,,,,,,,,,,,,,,,,,,,,,,,,,,,,,,,,
P0_analytical_baseline,I,analytical_poisson,0.05,1,600s × 1,,,tie_win,0.10120365051074376,a2e0821,,,,,,,,,,,,,,,,,,,,,,,,,,,,,,,,,,,,,,,,,,,,,,,,,,,,
P0_analytical_baseline,I,analytical_exact,0.05,2,600s × 2,,,strict,0.00121907894736841,a2e0821,,,,,,,,,,,,,,,,,,,,,,,,,,,,,,,,,,,,,,,,,,,,,,,,,,,,
P0_analytical_baseline,I,analytical_poisson,0.05,2,600s × 2,,,strict,0.0008358089685520653,a2e0821,,,,,,,,,,,,,,,,,,,,,,,,,,,,,,,,,,,,,,,,,,,,,,,,,,,,
P0_analytical_baseline,I,analytical_exact,0.05,2,600s × 2,,,tie_win,0.01449999999999998,a2e0821,,,,,,,,,,,,,,,,,,,,,,,,,,,,,,,,,,,,,,,,,,,,,,,,,,,,
P0_analytical_baseline,I,analytical_poisson,0.05,2,600s × 2,,,tie_win,0.012646260399183706,a2e0821,,,,,,,,,,,,,,,,,,,,,,,,,,,,,,,,,,,,,,,,,,,,,,,,,,,,
P0_analytical_baseline,I,analytical_exact,0.05,3,600s × 3,,,strict,0.00020376644736864715,a2e0821,,,,,,,,,,,,,,,,,,,,,,,,,,,,,,,,,,,,,,,,,,,,,,,,,,,,
P0_analytical_baseline,I,analytical_poisson,0.05,3,600s × 3,,,strict,0.00010801577778452032,a2e0821,,,,,,,,,,,,,,,,,,,,,,,,,,,,,,,,,,,,,,,,,,,,,,,,,,,,
P0_analytical_baseline,I,analytical_exact,0.05,3,600s × 3,,,tie_win,0.0023162500000002326,a2e0821,,,,,,,,,,,,,,,,,,,,,,,,,,,,,,,,,,,,,,,,,,,,,,,,,,,,
P0_analytical_baseline,I,analytical_poisson,0.05,3,600s × 3,,,tie_win,0.001641321091248149,a2e0821,,,,,,,,,,,,,,,,,,,,,,,,,,,,,,,,,,,,,,,,,,,,,,,,,,,,
P0_analytical_baseline,I,analytical_exact,0.05,5,600s × 5,,,strict,6.106679009417566e-06,a2e0821,,,,,,,,,,,,,,,,,,,,,,,,,,,,,,,,,,,,,,,,,,,,,,,,,,,,
P0_analytical_baseline,I,analytical_poisson,0.05,5,600s × 5,,,strict,1.8618671183689983e-06,a2e0821,,,,,,,,,,,,,,,,,,,,,,,,,,,,,,,,,,,,,,,,,,,,,,,,,,,,
P0_analytical_baseline,I,analytical_exact,0.05,5,600s × 5,,,tie_win,6.644441406286355e-05,a2e0821,,,,,,,,,,,,,,,,,,,,,,,,,,,,,,,,,,,,,,,,,,,,,,,,,,,,
P0_analytical_baseline,I,analytical_poisson,0.05,5,600s × 5,,,tie_win,2.8745518771300382e-05,a2e0821,,,,,,,,,,,,,,,,,,,,,,,,,,,,,,,,,,,,,,,,,,,,,,,,,,,,
P0_analytical_baseline,I,analytical_exact,0.05,10,600s × 10,,,strict,1.1348396857711494e-09,a2e0821,,,,,,,,,,,,,,,,,,,,,,,,,,,,,,,,,,,,,,,,,,,,,,,,,,,,
P0_analytical_baseline,I,analytical_poisson,0.05,10,600s × 10,,,strict,7.84150522292748e-11,a2e0821,,,,,,,,,,,,,,,,,,,,,,,,,,,,,,,,,,,,,,,,,,,,,,,,,,,,
P0_analytical_baseline,I,analytical_exact,0.05,10,600s × 10,,,tie_win,1.1878677858219526e-08,a2e0821,,,,,,,,,,,,,,,,,,,,,,,,,,,,,,,,,,,,,,,,,,,,,,,,,,,,
P0_analytical_baseline,I,analytical_poisson,0.05,10,600s × 10,,,tie_win,1.2507451740972897e-09,a2e0821,,,,,,,,,,,,,,,,,,,,,,,,,,,,,,,,,,,,,,,,,,,,,,,,,,,,
P0_analytical_baseline,I,analytical_exact,0.1,1,600s × 1,,,strict,0.031111111111111124,a2e0821,,,,,,,,,,,,,,,,,,,,,,,,,,,,,,,,,,,,,,,,,,,,,,,,,,,,
P0_analytical_baseline,I,analytical_poisson,0.1,1,600s × 1,,,strict,0.02782889037451186,a2e0821,,,,,,,,,,,,,,,,,,,,,,,,,,,,,,,,,,,,,,,,,,,,,,,,,,,,
P0_analytical_baseline,I,analytical_exact,0.1,1,600s × 1,,,tie_win,0.19999999999999998,a2e0821,,,,,,,,,,,,,,,,,,,,,,,,,,,,,,,,,,,,,,,,,,,,,,,,,,,,
P0_analytical_baseline,I,analytical_poisson,0.1,1,600s × 1,,,tie_win,0.20458727394278242,a2e0821,,,,,,,,,,,,,,,,,,,,,,,,,,,,,,,,,,,,,,,,,,,,,,,,,,,,
P0_analytical_baseline,I,analytical_exact,0.1,2,600s × 2,,,strict,0.00951111111111104,a2e0821,,,,,,,,,,,,,,,,,,,,,,,,,,,,,,,,,,,,,,,,,,,,,,,,,,,,
P0_analytical_baseline,I,analytical_poisson,0.1,2,600s × 2,,,strict,0.007041684174493135,a2e0821,,,,,,,,,,,,,,,,,,,,,,,,,,,,,,,,,,,,,,,,,,,,,,,,,,,,
P0_analytical_baseline,I,analytical_exact,0.1,2,600s × 2,,,tie_win,0.055999999999999925,a2e0821,,,,,,,,,,,,,,,,,,,,,,,,,,,,,,,,,,,,,,,,,,,,,,,,,,,,
P0_analytical_baseline,I,analytical_poisson,0.1,2,600s × 2,,,tie_win,0.05097789283933862,a2e0821,,,,,,,,,,,,,,,,,,,,,,,,,,,,,,,,,,,,,,,,,,,,,,,,,,,,
P0_analytical_baseline,I,analytical_exact,0.1,3,600s × 3,,,strict,0.003031111111110994,a2e0821,,,,,,,,,,,,,,,,,,,,,,,,,,,,,,,,,,,,,,,,,,,,,,,,,,,,
P0_analytical_baseline,I,analytical_poisson,0.1,3,600s × 3,,,strict,0.0018143303392115229,a2e0821,,,,,,,,,,,,,,,,,,,,,,,,,,,,,,,,,,,,,,,,,,,,,,,,,,,,
P0_analytical_baseline,I,analytical_exact,0.1,3,600s × 3,,,tie_win,0.017119999999999906,a2e0821,,,,,,,,,,,,,,,,,,,,,,,,,,,,,,,,,,,,,,,,,,,,,,,,,,,,
P0_analytical_baseline,I,analytical_poisson,0.1,3,600s × 3,,,tie_win,0.013172241678896524,a2e0821,,,,,,,,,,,,,,,,,,,,,,,,,,,,,,,,,,,,,,,,,,,,,,,,,,,,
P0_analytical_baseline,I,analytical_exact,0.1,5,600s × 5,,,strict,0.0003285623111111653,a2e0821,,,,,,,,,,,,,,,,,,,,,,,,,,,,,,,,,,,,,,,,,,,,,,,,,,,,
P0_analytical_baseline,I,analytical_poisson,0.1,5,600s × 5,,,strict,0.00012412134919070894,a2e0821,,,,,,,,,,,,,,,,,,,,,,,,,,,,,,,,,,,,,,,,,,,,,,,,,,,,
P0_analytical_baseline,I,analytical_exact,0.1,5,600s × 5,,,tie_win,0.0017818400000000187,a2e0821,,,,,,,,,,,,,,,,,,,,,,,,,,,,,,,,,,,,,,,,,,,,,,,,,,,,
P0_analytical_baseline,I,analytical_poisson,0.1,5,600s × 5,,,tie_win,0.0009136821879279777,a2e0821,,,,,,,,,,,,,,,,,,,,,,,,,,,,,,,,,,,,,,,,,,,,,,,,,,,,
P0_analytical_baseline,I,analytical_exact,0.1,10,600s × 10,,,strict,1.5034055229799991e-06,a2e0821,,,,,,,,,,,,,,,,,,,,,,,,,,,,,,,,,,,,,,,,,,,,,,,,,,,,
P0_analytical_baseline,I,analytical_poisson,0.1,10,600s × 10,,,strict,1.6365735844292573e-07,a2e0821,,,,,,,,,,,,,,,,,,,,,,,,,,,,,,,,,,,,,,,,,,,,,,,,,,,,
P0_analytical_baseline,I,analytical_exact,0.1,10,600s × 10,,,tie_win,7.859764652798608e-06,a2e0821,,,,,,,,,,,,,,,,,,,,,,,,,,,,,,,,,,,,,,,,,,,,,,,,,,,,
P0_analytical_baseline,I,analytical_poisson,0.1,10,600s × 10,,,tie_win,1.2414021748341497e-06,a2e0821,,,,,,,,,,,,,,,,,,,,,,,,,,,,,,,,,,,,,,,,,,,,,,,,,,,,
P0_analytical_baseline,I,analytical_exact,0.15,1,600s × 1,,,strict,0.07147058823529419,a2e0821,,,,,,,,,,,,,,,,,,,,,,,,,,,,,,,,,,,,,,,,,,,,,,,,,,,,
P0_analytical_baseline,I,analytical_poisson,0.15,1,600s × 1,,,strict,0.06606247321728032,a2e0821,,,,,,,,,,,,,,,,,,,,,,,,,,,,,,,,,,,,,,,,,,,,,,,,,,,,
P0_analytical_baseline,I,analytical_exact,0.15,1,600s × 1,,,tie_win,0.30000000000000004,a2e0821,,,,,,,,,,,,,,,,,,,,,,,,,,,,,,,,,,,,,,,,,,,,,,,,,,,,
P0_analytical_baseline,I,analytical_poisson,0.15,1,600s × 1,,,tie_win,0.3096983497692942,a2e0821,,,,,,,,,,,,,,,,,,,,,,,,,,,,,,,,,,,,,,,,,,,,,,,,,,,,
P0_analytical_baseline,I,analytical_exact,0.15,2,600s × 2,,,strict,0.03130808823529417,a2e0821,,,,,,,,,,,,,,,,,,,,,,,,,,,,,,,,,,,,,,,,,,,,,,,,,,,,
P0_analytical_baseline,I,analytical_poisson,0.15,2,600s × 2,,,strict,0.024943397615244667,a2e0821,,,,,,,,,,,,,,,,,,,,,,,,,,,,,,,,,,,,,,,,,,,,,,,,,,,,
P0_analytical_baseline,I,analytical_exact,0.15,2,600s × 2,,,tie_win,0.1215000000000001,a2e0821,,,,,,,,,,,,,,,,,,,,,,,,,,,,,,,,,,,,,,,,,,,,,,,,,,,,
P0_analytical_baseline,I,analytical_poisson,0.15,2,600s × 2,,,tie_win,0.1150410302791336,a2e0821,,,,,,,,,,,,,,,,,,,,,,,,,,,,,,,,,,,,,,,,,,,,,,,,,,,,
P0_analytical_baseline,I,analytical_exact,0.15,3,600s × 3,,,strict,0.014239025735294305,a2e0821,,,,,,,,,,,,,,,,,,,,,,,,,,,,,,,,,,,,,,,,,,,,,,,,,,,,
P0_analytical_baseline,I,analytical_poisson,0.15,3,600s × 3,,,strict,0.009576559056836298,a2e0821,,,,,,,,,,,,,,,,,,,,,,,,,,,,,,,,,,,,,,,,,,,,,,,,,,,,
P0_analytical_baseline,I,analytical_exact,0.15,3,600s × 3,,,tie_win,0.05322375000000017,a2e0821,,,,,,,,,,,,,,,,,,,,,,,,,,,,,,,,,,,,,,,,,,,,,,,,,,,,
P0_analytical_baseline,I,analytical_poisson,0.15,3,600s × 3,,,tie_win,0.04422780528370407,a2e0821,,,,,,,,,,,,,,,,,,,,,,,,,,,,,,,,,,,,,,,,,,,,,,,,,,,,
P0_analytical_baseline,I,analytical_exact,0.15,5,600s × 5,,,strict,0.003125721859122434,a2e0821,,,,,,,,,,,,,,,,,,,,,,,,,,,,,,,,,,,,,,,,,,,,,,,,,,,,
P0_analytical_baseline,I,analytical_poisson,0.15,5,600s × 5,,,strict,0.0014520880064697872,a2e0821,,,,,,,,,,,,,,,,,,,,,,,,,,,,,,,,,,,,,,,,,,,,,,,,,,,,
P0_analytical_baseline,I,analytical_exact,0.15,5,600s × 5,,,tie_win,0.0112573262109377,a2e0821,,,,,,,,,,,,,,,,,,,,,,,,,,,,,,,,,,,,,,,,,,,,,,,,,,,,
P0_analytical_baseline,I,analytical_poisson,0.15,5,600s × 5,,,tie_win,0.006783781183198112,a2e0821,,,,,,,,,,,,,,,,,,,,,,,,,,,,,,,,,,,,,,,,,,,,,,,,,,,,
P0_analytical_baseline,I,analytical_exact,0.15,10,600s × 10,,,strict,8.246486402270747e-05,a2e0821,,,,,,,,,,,,,,,,,,,,,,,,,,,,,,,,,,,,,,,,,,,,,,,,,,,,
P0_analytical_baseline,I,analytical_poisson,0.15,10,600s × 10,,,strict,1.3960792130673916e-05,a2e0821,,,,,,,,,,,,,,,,,,,,,,,,,,,,,,,,,,,,,,,,,,,,,,,,,,,,
P0_analytical_baseline,I,analytical_exact,0.15,10,600s × 10,,,tie_win,0.00028701473783073383,a2e0821,,,,,,,,,,,,,,,,,,,,,,,,,,,,,,,,,,,,,,,,,,,,,,,,,,,,
P0_analytical_baseline,I,analytical_poisson,0.15,10,600s × 10,,,tie_win,6.700566400430485e-05,a2e0821,,,,,,,,,,,,,,,,,,,,,,,,,,,,,,,,,,,,,,,,,,,,,,,,,,,,
P0_analytical_baseline,I,analytical_exact,0.2,1,600s × 1,,,strict,0.12999999999999995,a2e0821,,,,,,,,,,,,,,,,,,,,,,,,,,,,,,,,,,,,,,,,,,,,,,,,,,,,
P0_analytical_baseline,I,analytical_poisson,0.2,1,600s × 1,,,strict,0.12384911904466955,a2e0821,,,,,,,,,,,,,,,,,,,,,,,,,,,,,,,,,,,,,,,,,,,,,,,,,,,,
P0_analytical_baseline,I,analytical_exact,0.2,1,600s × 1,,,tie_win,0.39999999999999997,a2e0821,,,,,,,,,,,,,,,,,,,,,,,,,,,,,,,,,,,,,,,,,,,,,,,,,,,,
P0_analytical_baseline,I,analytical_poisson,0.2,1,600s × 1,,,tie_win,0.41589941269644637,a2e0821,,,,,,,,,,,,,,,,,,,,,,,,,,,,,,,,,,,,,,,,,,,,,,,,,,,,
P0_analytical_baseline,I,analytical_exact,0.2,2,600s × 2,,,strict,0.0724,a2e0821,,,,,,,,,,,,,,,,,,,,,,,,,,,,,,,,,,,,,,,,,,,,,,,,,,,,
P0_analytical_baseline,I,analytical_poisson,0.2,2,600s × 2,,,strict,0.061772885757020224,a2e0821,,,,,,,,,,,,,,,,,,,,,,,,,,,,,,,,,,,,,,,,,,,,,,,,,,,,
P0_analytical_baseline,I,analytical_exact,0.2,2,600s × 2,,,tie_win,0.208,a2e0821,,,,,,,,,,,,,,,,,,,,,,,,,,,,,,,,,,,,,,,,,,,,,,,,,,,,
P0_analytical_baseline,I,analytical_poisson,0.2,2,600s × 2,,,tie_win,0.20392850912716864,a2e0821,,,,,,,,,,,,,,,,,,,,,,,,,,,,,,,,,,,,,,,,,,,,,,,,,,,,
P0_analytical_baseline,I,analytical_exact,0.2,3,600s × 3,,,strict,0.04167999999999987,a2e0821,,,,,,,,,,,,,,,,,,,,,,,,,,,,,,,,,,,,,,,,,,,,,,,,,,,,
P0_analytical_baseline,I,analytical_poisson,0.2,3,600s × 3,,,strict,0.031279530511590825,a2e0821,,,,,,,,,,,,,,,,,,,,,,,,,,,,,,,,,,,,,,,,,,,,,,,,,,,,
P0_analytical_baseline,I,analytical_exact,0.2,3,600s × 3,,,tie_win,0.11583999999999987,a2e0821,,,,,,,,,,,,,,,,,,,,,,,,,,,,,,,,,,,,,,,,,,,,,,,,,,,,
P0_analytical_baseline,I,analytical_poisson,0.2,3,600s × 3,,,tie_win,0.10324162253072999,a2e0821,,,,,,,,,,,,,,,,,,,,,,,,,,,,,,,,,,,,,,,,,,,,,,,,,,,,
P0_analytical_baseline,I,analytical_exact,0.2,5,600s × 5,,,strict,0.014567756799999517,a2e0821,,,,,,,,,,,,,,,,,,,,,,,,,,,,,,,,,,,,,,,,,,,,,,,,,,,,
P0_analytical_baseline,I,analytical_poisson,0.2,5,600s × 5,,,strict,0.008232449101215789,a2e0821,,,,,,,,,,,,,,,,,,,,,,,,,,,,,,,,,,,,,,,,,,,,,,,,,,,,
P0_analytical_baseline,I,analytical_exact,0.2,5,600s × 5,,,tie_win,0.03916287999999953,a2e0821,,,,,,,,,,,,,,,,,,,,,,,,,,,,,,,,,,,,,,,,,,,,,,,,,,,,
P0_analytical_baseline,I,analytical_poisson,0.2,5,600s × 5,,,tie_win,0.02741554005309732,a2e0821,,,,,,,,,,,,,,,,,,,,,,,,,,,,,,,,,,,,,,,,,,,,,,,,,,,,
P0_analytical_baseline,I,analytical_exact,0.2,10,600s × 10,,,strict,0.0012121205478262836,a2e0821,,,,,,,,,,,,,,,,,,,,,,,,,,,,,,,,,,,,,,,,,,,,,,,,,,,,
P0_analytical_baseline,I,analytical_poisson,0.2,10,600s × 10,,,strict,0.0003129583819645454,a2e0821,,,,,,,,,,,,,,,,,,,,,,,,,,,,,,,,,,,,,,,,,,,,,,,,,,,,
P0_analytical_baseline,I,analytical_exact,0.2,10,600s × 10,,,tie_win,0.003158241098331755,a2e0821,,,,,,,,,,,,,,,,,,,,,,,,,,,,,,,,,,,,,,,,,,,,,,,,,,,,
P0_analytical_baseline,I,analytical_poisson,0.2,10,600s × 10,,,tie_win,0.001066952797483256,a2e0821,,,,,,,,,,,,,,,,,,,,,,,,,,,,,,,,,,,,,,,,,,,,,,,,,,,,
P0_analytical_baseline,I,analytical_exact,0.25,1,600s × 1,,,strict,0.20833333333333331,a2e0821,,,,,,,,,,,,,,,,,,,,,,,,,,,,,,,,,,,,,,,,,,,,,,,,,,,,
P0_analytical_baseline,I,analytical_poisson,0.25,1,600s × 1,,,strict,0.20385409936245635,a2e0821,,,,,,,,,,,,,,,,,,,,,,,,,,,,,,,,,,,,,,,,,,,,,,,,,,,,
P0_analytical_baseline,I,analytical_exact,0.25,1,600s × 1,,,tie_win,0.5,a2e0821,,,,,,,,,,,,,,,,,,,,,,,,,,,,,,,,,,,,,,,,,,,,,,,,,,,,
P0_analytical_baseline,I,analytical_poisson,0.25,1,600s × 1,,,tie_win,0.5223124596174737,a2e0821,,,,,,,,,,,,,,,,,,,,,,,,,,,,,,,,,,,,,,,,,,,,,,,,,,,,
P0_analytical_baseline,I,analytical_exact,0.25,2,600s × 2,,,strict,0.13802083333333334,a2e0821,,,,,,,,,,,,,,,,,,,,,,,,,,,,,,,,,,,,,,,,,,,,,,,,,,,,
P0_analytical_baseline,I,analytical_poisson,0.25,2,600s × 2,,,strict,0.12528935275928765,a2e0821,,,,,,,,,,,,,,,,,,,,,,,,,,,,,,,,,,,,,,,,,,,,,,,,,,,,
P0_analytical_baseline,I,analytical_exact,0.25,2,600s × 2,,,tie_win,0.3125,a2e0821,,,,,,,,,,,,,,,,,,,,,,,,,,,,,,,,,,,,,,,,,,,,,,,,,,,,
P0_analytical_baseline,I,analytical_poisson,0.25,2,600s × 2,,,tie_win,0.31544384128987724,a2e0821,,,,,,,,,,,,,,,,,,,,,,,,,,,,,,,,,,,,,,,,,,,,,,,,,,,,
P0_analytical_baseline,I,analytical_exact,0.25,3,600s × 3,,,strict,0.09407552083333322,a2e0821,,,,,,,,,,,,,,,,,,,,,,,,,,,,,,,,,,,,,,,,,,,,,,,,,,,,
P0_analytical_baseline,I,analytical_poisson,0.25,3,600s × 3,,,strict,0.07803053632342227,a2e0821,,,,,,,,,,,,,,,,,,,,,,,,,,,,,,,,,,,,,,,,,,,,,,,,,,,,
P0_analytical_baseline,I,analytical_exact,0.25,3,600s × 3,,,tie_win,0.2070312499999999,a2e0821,,,,,,,,,,,,,,,,,,,,,,,,,,,,,,,,,,,,,,,,,,,,,,,,,,,,
P0_analytical_baseline,I,analytical_poisson,0.25,3,600s × 3,,,tie_win,0.19611529521795923,a2e0821,,,,,,,,,,,,,,,,,,,,,,,,,,,,,,,,,,,,,,,,,,,,,,,,,,,,
P0_analytical_baseline,I,analytical_exact,0.25,5,600s × 5,,,strict,0.045770009358723635,a2e0821,,,,,,,,,,,,,,,,,,,,,,,,,,,,,,,,,,,,,,,,,,,,,,,,,,,,
P0_analytical_baseline,I,analytical_poisson,0.25,5,600s × 5,,,strict,0.03098697634286529,a2e0821,,,,,,,,,,,,,,,,,,,,,,,,,,,,,,,,,,,,,,,,,,,,,,,,,,,,
P0_analytical_baseline,I,analytical_exact,0.25,5,600s × 5,,,tie_win,0.09785461425781222,a2e0821,,,,,,,,,,,,,,,,,,,,,,,,,,,,,,,,,,,,,,,,,,,,,,,,,,,,
P0_analytical_baseline,I,analytical_poisson,0.25,5,600s × 5,,,tie_win,0.07835701207967494,a2e0821,,,,,,,,,,,,,,,,,,,,,,,,,,,,,,,,,,,,,,,,,,,,,,,,,,,,
P0_analytical_baseline,I,analytical_exact,0.25,10,600s × 10,,,strict,0.008563613978668089,a2e0821,,,,,,,,,,,,,,,,,,,,,,,,,,,,,,,,,,,,,,,,,,,,,,,,,,,,
P0_analytical_baseline,I,analytical_poisson,0.25,10,600s × 10,,,strict,0.003277714314719904,a2e0821,,,,,,,,,,,,,,,,,,,,,,,,,,,,,,,,,,,,,,,,,,,,,,,,,,,,
P0_analytical_baseline,I,analytical_exact,0.25,10,600s × 10,,,tie_win,0.017806558607842207,a2e0821,,,,,,,,,,,,,,,,,,,,,,,,,,,,,,,,,,,,,,,,,,,,,,,,,,,,
P0_analytical_baseline,I,analytical_poisson,0.25,10,600s × 10,,,tie_win,0.008450100042087683,a2e0821,,,,,,,,,,,,,,,,,,,,,,,,,,,,,,,,,,,,,,,,,,,,,,,,,,,,
P0_analytical_baseline,I,analytical_exact,0.3,1,600s × 1,,,strict,0.30857142857142866,a2e0821,,,,,,,,,,,,,,,,,,,,,,,,,,,,,,,,,,,,,,,,,,,,,,,,,,,,
P0_analytical_baseline,I,analytical_poisson,0.3,1,600s × 1,,,strict,0.30867691853847157,a2e0821,,,,,,,,,,,,,,,,,,,,,,,,,,,,,,,,,,,,,,,,,,,,,,,,,,,,
P0_analytical_baseline,I,analytical_exact,0.3,1,600s × 1,,,tie_win,0.6000000000000001,a2e0821,,,,,,,,,,,,,,,,,,,,,,,,,,,,,,,,,,,,,,,,,,,,,,,,,,,,
P0_analytical_baseline,I,analytical_poisson,0.3,1,600s × 1,,,tie_win,0.627749109982254,a2e0821,,,,,,,,,,,,,,,,,,,,,,,,,,,,,,,,,,,,,,,,,,,,,,,,,,,,
P0_analytical_baseline,I,analytical_exact,0.3,2,600s × 2,,,strict,0.23297142857142886,a2e0821,,,,,,,,,,,,,,,,,,,,,,,,,,,,,,,,,,,,,,,,,,,,,,,,,,,,
P0_analytical_baseline,I,analytical_poisson,0.3,2,600s × 2,,,strict,0.2230141484398701,a2e0821,,,,,,,,,,,,,,,,,,,,,,,,,,,,,,,,,,,,,,,,,,,,,,,,,,,,
P0_analytical_baseline,I,analytical_exact,0.3,2,600s × 2,,,tie_win,0.43200000000000016,a2e0821,,,,,,,,,,,,,,,,,,,,,,,,,,,,,,,,,,,,,,,,,,,,,,,,,,,,
P0_analytical_baseline,I,analytical_poisson,0.3,2,600s × 2,,,tie_win,0.44571709952398375,a2e0821,,,,,,,,,,,,,,,,,,,,,,,,,,,,,,,,,,,,,,,,,,,,,,,,,,,,
P0_analytical_baseline,I,analytical_exact,0.3,3,600s × 3,,,strict,0.18005142857142897,a2e0821,,,,,,,,,,,,,,,,,,,,,,,,,,,,,,,,,,,,,,,,,,,,,,,,,,,,
P0_analytical_baseline,I,analytical_poisson,0.3,3,600s × 3,,,strict,0.1629264269067332,a2e0821,,,,,,,,,,,,,,,,,,,,,,,,,,,,,,,,,,,,,,,,,,,,,,,,,,,,
P0_analytical_baseline,I,analytical_exact,0.3,3,600s × 3,,,tie_win,0.3261600000000003,a2e0821,,,,,,,,,,,,,,,,,,,,,,,,,,,,,,,,,,,,,,,,,,,,,,,,,,,,
P0_analytical_baseline,I,analytical_poisson,0.3,3,600s × 3,,,tie_win,0.32458410182048103,a2e0821,,,,,,,,,,,,,,,,,,,,,,,,,,,,,,,,,,,,,,,,,,,,,,,,,,,,
P0_analytical_baseline,I,analytical_exact,0.3,5,600s × 5,,,strict,0.11174970137142892,a2e0821,,,,,,,,,,,,,,,,,,,,,,,,,,,,,,,,,,,,,,,,,,,,,,,,,,,,
P0_analytical_baseline,I,analytical_poisson,0.3,5,600s × 5,,,strict,0.08874442568714558,a2e0821,,,,,,,,,,,,,,,,,,,,,,,,,,,,,,,,,,,,,,,,,,,,,,,,,,,,
P0_analytical_baseline,I,analytical_exact,0.3,5,600s × 5,,,tie_win,0.19761732000000035,a2e0821,,,,,,,,,,,,,,,,,,,,,,,,,,,,,,,,,,,,,,,,,,,,,,,,,,,,
P0_analytical_baseline,I,analytical_poisson,0.3,5,600s × 5,,,tie_win,0.1773523113609451,a2e0821,,,,,,,,,,,,,,,,,,,,,,,,,,,,,,,,,,,,,,,,,,,,,,,,,,,,
P0_analytical_baseline,I,analytical_exact,0.3,10,600s × 10,,,strict,0.03769991528754782,a2e0821,,,,,,,,,,,,,,,,,,,,,,,,,,,,,,,,,,,,,,,,,,,,,,,,,,,,
P0_analytical_baseline,I,analytical_poisson,0.3,10,600s × 10,,,strict,0.02054626120387293,a2e0821,,,,,,,,,,,,,,,,,,,,,,,,,,,,,,,,,,,,,,,,,,,,,,,,,,,,
P0_analytical_baseline,I,analytical_exact,0.3,10,600s × 10,,,tie_win,0.0651067137626013,a2e0821,,,,,,,,,,,,,,,,,,,,,,,,,,,,,,,,,,,,,,,,,,,,,,,,,,,,
P0_analytical_baseline,I,analytical_poisson,0.3,10,600s × 10,,,tie_win,0.04166047996897937,a2e0821,,,,,,,,,,,,,,,,,,,,,,,,,,,,,,,,,,,,,,,,,,,,,,,,,,,,
P0_analytical_baseline,I,analytical_exact,0.35,1,600s × 1,,,strict,0.4334615384615384,a2e0821,,,,,,,,,,,,,,,,,,,,,,,,,,,,,,,,,,,,,,,,,,,,,,,,,,,,
P0_analytical_baseline,I,analytical_poisson,0.35,1,600s × 1,,,strict,0.44052918663160356,a2e0821,,,,,,,,,,,,,,,,,,,,,,,,,,,,,,,,,,,,,,,,,,,,,,,,,,,,
P0_analytical_baseline,I,analytical_exact,0.35,1,600s × 1,,,tie_win,0.7,a2e0821,,,,,,,,,,,,,,,,,,,,,,,,,,,,,,,,,,,,,,,,,,,,,,,,,,,,
P0_analytical_baseline,I,analytical_poisson,0.35,1,600s × 1,,,tie_win,0.7306251639337351,a2e0821,,,,,,,,,,,,,,,,,,,,,,,,,,,,,,,,,,,,,,,,,,,,,,,,,,,,
P0_analytical_baseline,I,analytical_exact,0.35,2,600s × 2,,,strict,0.3617990384615384,a2e0821,,,,,,,,,,,,,,,,,,,,,,,,,,,,,,,,,,,,,,,,,,,,,,,,,,,,
P0_analytical_baseline,I,analytical_poisson,0.35,2,600s × 2,,,strict,0.3608891643072497,a2e0821,,,,,,,,,,,,,,,,,,,,,,,,,,,,,,,,,,,,,,,,,,,,,,,,,,,,
P0_analytical_baseline,I,analytical_exact,0.35,2,600s × 2,,,tie_win,0.5634999999999999,a2e0821,,,,,,,,,,,,,,,,,,,,,,,,,,,,,,,,,,,,,,,,,,,,,,,,,,,,
P0_analytical_baseline,I,analytical_poisson,0.35,2,600s × 2,,,tie_win,0.588810786934213,a2e0821,,,,,,,,,,,,,,,,,,,,,,,,,,,,,,,,,,,,,,,,,,,,,,,,,,,,
P0_analytical_baseline,I,analytical_exact,0.35,3,600s × 3,,,strict,0.3074549759615386,a2e0821,,,,,,,,,,,,,,,,,,,,,,,,,,,,,,,,,,,,,,,,,,,,,,,,,,,,
P0_analytical_baseline,I,analytical_poisson,0.35,3,600s × 3,,,strict,0.29822301608385726,a2e0821,,,,,,,,,,,,,,,,,,,,,,,,,,,,,,,,,,,,,,,,,,,,,,,,,,,,
P0_analytical_baseline,I,analytical_exact,0.35,3,600s × 3,,,tie_win,0.4703387500000001,a2e0821,,,,,,,,,,,,,,,,,,,,,,,,,,,,,,,,,,,,,,,,,,,,,,,,,,,,
P0_analytical_baseline,I,analytical_poisson,0.35,3,600s × 3,,,tie_win,0.4844586102681797,a2e0821,,,,,,,,,,,,,,,,,,,,,,,,,,,,,,,,,,,,,,,,,,,,,,,,,,,,
P0_analytical_baseline,I,analytical_exact,0.35,5,600s × 5,,,strict,0.22874419064786639,a2e0821,,,,,,,,,,,,,,,,,,,,,,,,,,,,,,,,,,,,,,,,,,,,,,,,,,,,
P0_analytical_baseline,I,analytical_poisson,0.35,5,600s × 5,,,strict,0.20701897156923144,a2e0821,,,,,,,,,,,,,,,,,,,,,,,,,,,,,,,,,,,,,,,,,,,,,,,,,,,,
P0_analytical_baseline,I,analytical_exact,0.35,5,600s × 5,,,tie_win,0.34343857105468734,a2e0821,,,,,,,,,,,,,,,,,,,,,,,,,,,,,,,,,,,,,,,,,,,,,,,,,,,,
P0_analytical_baseline,I,analytical_poisson,0.35,5,600s × 5,,,tie_win,0.33636477529888165,a2e0821,,,,,,,,,,,,,,,,,,,,,,,,,,,,,,,,,,,,,,,,,,,,,,,,,,,,
P0_analytical_baseline,I,analytical_exact,0.35,10,600s × 10,,,strict,0.11874077625846857,a2e0821,,,,,,,,,,,,,,,,,,,,,,,,,,,,,,,,,,,,,,,,,,,,,,,,,,,,
P0_analytical_baseline,I,analytical_poisson,0.35,10,600s × 10,,,strict,0.08710102050000967,a2e0821,,,,,,,,,,,,,,,,,,,,,,,,,,,,,,,,,,,,,,,,,,,,,,,,,,,,
P0_analytical_baseline,I,analytical_exact,0.35,10,600s × 10,,,tie_win,0.174947200740346,a2e0821,,,,,,,,,,,,,,,,,,,,,,,,,,,,,,,,,,,,,,,,,,,,,,,,,,,,
P0_analytical_baseline,I,analytical_poisson,0.35,10,600s × 10,,,tie_win,0.14280535760069601,a2e0821,,,,,,,,,,,,,,,,,,,,,,,,,,,,,,,,,,,,,,,,,,,,,,,,,,,,
P0_analytical_baseline,I,analytical_exact,0.4,1,600s × 1,,,strict,0.5866666666666667,a2e0821,,,,,,,,,,,,,,,,,,,,,,,,,,,,,,,,,,,,,,,,,,,,,,,,,,,,
P0_analytical_baseline,I,analytical_poisson,0.4,1,600s × 1,,,strict,0.6006755740857618,a2e0821,,,,,,,,,,,,,,,,,,,,,,,,,,,,,,,,,,,,,,,,,,,,,,,,,,,,
P0_analytical_baseline,I,analytical_exact,0.4,1,600s × 1,,,tie_win,0.8,a2e0821,,,,,,,,,,,,,,,,,,,,,,,,,,,,,,,,,,,,,,,,,,,,,,,,,,,,
P0_analytical_baseline,I,analytical_poisson,0.4,1,600s × 1,,,tie_win,0.8288609603224694,a2e0821,,,,,,,,,,,,,,,,,,,,,,,,,,,,,,,,,,,,,,,,,,,,,,,,,,,,
P0_analytical_baseline,I,analytical_exact,0.4,2,600s × 2,,,strict,0.5290666666666668,a2e0821,,,,,,,,,,,,,,,,,,,,,,,,,,,,,,,,,,,,,,,,,,,,,,,,,,,,
P0_analytical_baseline,I,analytical_poisson,0.4,2,600s × 2,,,strict,0.5411457225392906,a2e0821,,,,,,,,,,,,,,,,,,,,,,,,,,,,,,,,,,,,,,,,,,,,,,,,,,,,
P0_analytical_baseline,I,analytical_exact,0.4,2,600s × 2,,,tie_win,0.7040000000000002,a2e0821,,,,,,,,,,,,,,,,,,,,,,,,,,,,,,,,,,,,,,,,,,,,,,,,,,,,
P0_analytical_baseline,I,analytical_poisson,0.4,2,600s × 2,,,tie_win,0.7364028618842733,a2e0821,,,,,,,,,,,,,,,,,,,,,,,,,,,,,,,,,,,,,,,,,,,,,,,,,,,,
P0_analytical_baseline,I,analytical_exact,0.4,3,600s × 3,,,strict,0.48298666666666673,a2e0821,,,,,,,,,,,,,,,,,,,,,,,,,,,,,,,,,,,,,,,,,,,,,,,,,,,,
P0_analytical_baseline,I,analytical_poisson,0.4,3,600s × 3,,,strict,0.4904041804053475,a2e0821,,,,,,,,,,,,,,,,,,,,,,,,,,,,,,,,,,,,,,,,,,,,,,,,,,,,
P0_analytical_baseline,I,analytical_exact,0.4,3,600s × 3,,,tie_win,0.6348800000000001,a2e0821,,,,,,,,,,,,,,,,,,,,,,,,,,,,,,,,,,,,,,,,,,,,,,,,,,,,
P0_analytical_baseline,I,analytical_poisson,0.4,3,600s × 3,,,tie_win,0.6641680008572945,a2e0821,,,,,,,,,,,,,,,,,,,,,,,,,,,,,,,,,,,,,,,,,,,,,,,,,,,,
P0_analytical_baseline,I,analytical_exact,0.4,5,600s × 5,,,strict,0.41083644586666657,a2e0821,,,,,,,,,,,,,,,,,,,,,,,,,,,,,,,,,,,,,,,,,,,,,,,,,,,,
P0_analytical_baseline,I,analytical_poisson,0.4,5,600s × 5,,,strict,0.40747242417057916,a2e0821,,,,,,,,,,,,,,,,,,,,,,,,,,,,,,,,,,,,,,,,,,,,,,,,,,,,
P0_analytical_baseline,I,analytical_exact,0.4,5,600s × 5,,,tie_win,0.53313536,a2e0821,,,,,,,,,,,,,,,,,,,,,,,,,,,,,,,,,,,,,,,,,,,,,,,,,,,,
P0_analytical_baseline,I,analytical_poisson,0.4,5,600s × 5,,,tie_win,0.5506251290702074,a2e0821,,,,,,,,,,,,,,,,,,,,,,,,,,,,,,,,,,,,,,,,,,,,,,,,,,,,
P0_analytical_baseline,I,analytical_exact,0.4,10,600s × 10,,,strict,0.2906297772696198,a2e0821,,,,,,,,,,,,,,,,,,,,,,,,,,,,,,,,,,,,,,,,,,,,,,,,,,,,
P0_analytical_baseline,I,analytical_poisson,0.4,10,600s × 10,,,strict,0.26550226114450504,a2e0821,,,,,,,,,,,,,,,,,,,,,,,,,,,,,,,,,,,,,,,,,,,,,,,,,,,,
P0_analytical_baseline,I,analytical_exact,0.4,10,600s × 10,,,tie_win,0.3721840428308222,a2e0821,,,,,,,,,,,,,,,,,,,,,,,,,,,,,,,,,,,,,,,,,,,,,,,,,,,,
P0_analytical_baseline,I,analytical_poisson,0.4,10,600s × 10,,,tie_win,0.3599763240066036,a2e0821,,,,,,,,,,,,,,,,,,,,,,,,,,,,,,,,,,,,,,,,,,,,,,,,,,,,
P0_analytical_baseline,I,analytical_exact,0.45,1,600s × 1,,,strict,0.7731818181818181,a2e0821,,,,,,,,,,,,,,,,,,,,,,,,,,,,,,,,,,,,,,,,,,,,,,,,,,,,
P0_analytical_baseline,I,analytical_poisson,0.45,1,600s × 1,,,strict,0.7884998038836439,a2e0821,,,,,,,,,,,,,,,,,,,,,,,,,,,,,,,,,,,,,,,,,,,,,,,,,,,,
P0_analytical_baseline,I,analytical_exact,0.45,1,600s × 1,,,tie_win,0.8999999999999999,a2e0821,,,,,,,,,,,,,,,,,,,,,,,,,,,,,,,,,,,,,,,,,,,,,,,,,,,,
P0_analytical_baseline,I,analytical_poisson,0.45,1,600s × 1,,,tie_win,0.9197757876800029,a2e0821,,,,,,,,,,,,,,,,,,,,,,,,,,,,,,,,,,,,,,,,,,,,,,,,,,,,
P0_analytical_baseline,I,analytical_exact,0.45,2,600s × 2,,,strict,0.739769318181818,a2e0821,,,,,,,,,,,,,,,,,,,,,,,,,,,,,,,,,,,,,,,,,,,,,,,,,,,,
P0_analytical_baseline,I,analytical_poisson,0.45,2,600s × 2,,,strict,0.759237924933384,a2e0821,,,,,,,,,,,,,,,,,,,,,,,,,,,,,,,,,,,,,,,,,,,,,,,,,,,,
P0_analytical_baseline,I,analytical_exact,0.45,2,600s × 2,,,tie_win,0.8504999999999998,a2e0821,,,,,,,,,,,,,,,,,,,,,,,,,,,,,,,,,,,,,,,,,,,,,,,,,,,,
P0_analytical_baseline,I,analytical_poisson,0.45,2,600s × 2,,,tie_win,0.8777174393950844,a2e0821,,,,,,,,,,,,,,,,,,,,,,,,,,,,,,,,,,,,,,,,,,,,,,,,,,,,
P0_analytical_baseline,I,analytical_exact,0.45,3,600s × 3,,,strict,0.7122040056818182,a2e0821,,,,,,,,,,,,,,,,,,,,,,,,,,,,,,,,,,,,,,,,,,,,,,,,,,,,
P0_analytical_baseline,I,analytical_poisson,0.45,3,600s × 3,,,strict,0.7331873473534987,a2e0821,,,,,,,,,,,,,,,,,,,,,,,,,,,,,,,,,,,,,,,,,,,,,,,,,,,,
P0_analytical_baseline,I,analytical_exact,0.45,3,600s × 3,,,tie_win,0.8137462499999999,a2e0821,,,,,,,,,,,,,,,,,,,,,,,,,,,,,,,,,,,,,,,,,,,,,,,,,,,,
P0_analytical_baseline,I,analytical_poisson,0.45,3,600s × 3,,,tie_win,0.8443949783213225,a2e0821,,,,,,,,,,,,,,,,,,,,,,,,,,,,,,,,,,,,,,,,,,,,,,,,,,,,
P0_analytical_baseline,I,analytical_exact,0.45,5,600s × 5,,,strict,0.6670498530384587,a2e0821,,,,,,,,,,,,,,,,,,,,,,,,,,,,,,,,,,,,,,,,,,,,,,,,,,,,
P0_analytical_baseline,I,analytical_poisson,0.45,5,600s × 5,,,strict,0.6878674205945214,a2e0821,,,,,,,,,,,,,,,,,,,,,,,,,,,,,,,,,,,,,,,,,,,,,,,,,,,,
P0_analytical_baseline,I,analytical_exact,0.45,5,600s × 5,,,tie_win,0.7571581091015623,a2e0821,,,,,,,,,,,,,,,,,,,,,,,,,,,,,,,,,,,,,,,,,,,,,,,,,,,,
P0_analytical_baseline,I,analytical_poisson,0.45,5,600s × 5,,,tie_win,0.789785814061307,a2e0821,,,,,,,,,,,,,,,,,,,,,,,,,,,,,,,,,,,,,,,,,,,,,,,,,,,,
P0_analytical_baseline,I,analytical_exact,0.45,10,600s × 10,,,strict,0.5836302087334432,a2e0821,,,,,,,,,,,,,,,,,,,,,,,,,,,,,,,,,,,,,,,,,,,,,,,,,,,,
P0_analytical_baseline,I,analytical_poisson,0.45,10,600s × 10,,,strict,0.5976309781307891,a2e0821,,,,,,,,,,,,,,,,,,,,,,,,,,,,,,,,,,,,,,,,,,,,,,,,,,,,
P0_analytical_baseline,I,analytical_exact,0.45,10,600s × 10,,,tie_win,0.6579281751567838,a2e0821,,,,,,,,,,,,,,,,,,,,,,,,,,,,,,,,,,,,,,,,,,,,,,,,,,,,
P0_analytical_baseline,I,analytical_poisson,0.45,10,600s × 10,,,tie_win,0.6854240103232614,a2e0821,,,,,,,,,,,,,,,,,,,,,,,,,,,,,,,,,,,,,,,,,,,,,,,,,,,,
P0_analytical_baseline,I,analytical_exact,0.49,1,600s × 1,,,strict,0.9509843137254901,a2e0821,,,,,,,,,,,,,,,,,,,,,,,,,,,,,,,,,,,,,,,,,,,,,,,,,,,,
P0_analytical_baseline,I,analytical_poisson,0.49,1,600s × 1,,,strict,0.9561658503349567,a2e0821,,,,,,,,,,,,,,,,,,,,,,,,,,,,,,,,,,,,,,,,,,,,,,,,,,,,
P0_analytical_baseline,I,analytical_exact,0.49,1,600s × 1,,,tie_win,0.98,a2e0821,,,,,,,,,,,,,,,,,,,,,,,,,,,,,,,,,,,,,,,,,,,,,,,,,,,,
P0_analytical_baseline,I,analytical_poisson,0.49,1,600s × 1,,,tie_win,0.9849963648797503,a2e0821,,,,,,,,,,,,,,,,,,,,,,,,,,,,,,,,,,,,,,,,,,,,,,,,,,,,
P0_analytical_baseline,I,analytical_exact,0.49,2,600s × 2,,,strict,0.9436372537254901,a2e0821,,,,,,,,,,,,,,,,,,,,,,,,,,,,,,,,,,,,,,,,,,,,,,,,,,,,
P0_analytical_baseline,I,analytical_poisson,0.49,2,600s × 2,,,strict,0.9512197480004156,a2e0821,,,,,,,,,,,,,,,,,,,,,,,,,,,,,,,,,,,,,,,,,,,,,,,,,,,,
P0_analytical_baseline,I,analytical_exact,0.49,2,600s × 2,,,tie_win,0.9700039999999999,a2e0821,,,,,,,,,,,,,,,,,,,,,,,,,,,,,,,,,,,,,,,,,,,,,,,,,,,,
P0_analytical_baseline,I,analytical_poisson,0.49,2,600s × 2,,,tie_win,0.9777142023846626,a2e0821,,,,,,,,,,,,,,,,,,,,,,,,,,,,,,,,,,,,,,,,,,,,,,,,,,,,
P0_analytical_baseline,I,analytical_exact,0.49,3,600s × 3,,,strict,0.9375171527454901,a2e0821,,,,,,,,,,,,,,,,,,,,,,,,,,,,,,,,,,,,,,,,,,,,,,,,,,,,
P0_analytical_baseline,I,analytical_poisson,0.49,3,600s × 3,,,strict,0.946809771873557,a2e0821,,,,,,,,,,,,,,,,,,,,,,,,,,,,,,,,,,,,,,,,,,,,,,,,,,,,
P0_analytical_baseline,I,analytical_exact,0.49,3,600s × 3,,,tie_win,0.9625099988,a2e0821,,,,,,,,,,,,,,,,,,,,,,,,,,,,,,,,,,,,,,,,,,,,,,,,,,,,
P0_analytical_baseline,I,analytical_poisson,0.49,3,600s × 3,,,tie_win,0.9721313580183153,a2e0821,,,,,,,,,,,,,,,,,,,,,,,,,,,,,,,,,,,,,,,,,,,,,,,,,,,,
P0_analytical_baseline,I,analytical_exact,0.49,5,600s × 5,,,strict,0.9273484817940677,a2e0821,,,,,,,,,,,,,,,,,,,,,,,,,,,,,,,,,,,,,,,,,,,,,,,,,,,,
P0_analytical_baseline,I,analytical_poisson,0.49,5,600s × 5,,,strict,0.9391522545570484,a2e0821,,,,,,,,,,,,,,,,,,,,,,,,,,,,,,,,,,,,,,,,,,,,,,,,,,,,
P0_analytical_baseline,I,analytical_exact,0.49,5,600s × 5,,,tie_win,0.9508074905517997,a2e0821,,,,,,,,,,,,,,,,,,,,,,,,,,,,,,,,,,,,,,,,,,,,,,,,,,,,
P0_analytical_baseline,I,analytical_poisson,0.49,5,600s × 5,,,tie_win,0.9632123913400411,a2e0821,,,,,,,,,,,,,,,,,,,,,,,,,,,,,,,,,,,,,,,,,,,,,,,,,,,,
P0_analytical_baseline,I,analytical_exact,0.49,10,600s × 10,,,strict,0.9079370608092853,a2e0821,,,,,,,,,,,,,,,,,,,,,,,,,,,,,,,,,,,,,,,,,,,,,,,,,,,,
P0_analytical_baseline,I,analytical_poisson,0.49,10,600s × 10,,,strict,0.9237949159702747,a2e0821,,,,,,,,,,,,,,,,,,,,,,,,,,,,,,,,,,,,,,,,,,,,,,,,,,,,
P0_analytical_baseline,I,analytical_exact,0.49,10,600s × 10,,,tie_win,0.9296056726466805,a2e0821,,,,,,,,,,,,,,,,,,,,,,,,,,,,,,,,,,,,,,,,,,,,,,,,,,,,
P0_analytical_baseline,I,analytical_poisson,0.49,10,600s × 10,,,tie_win,0.9464793832760894,a2e0821,,,,,,,,,,,,,,,,,,,,,,,,,,,,,,,,,,,,,,,,,,,,,,,,,,,,
P1_validate_simulators,I,event_bernoulli,0.05,1,600s × 1,,,strict,0.00779,a2e0821,600.0,600.0,600.0,415.8883083359673,1.0,1.0,200000.0,1558.0,0.007414037484784159,0.008184870196511786,600.0,4.0565600149035305e+18,30.775976632530316,1797.439364132394,0.947245,0.052755,0.007631578947368479,0.00015842105263152127,,,,,,,,,,,,,,,,,,,,,,,,,,,,,,,,,,
P1_validate_simulators,I,distribution,0.05,1,600s × 1,,,strict,0.00748,a2e0821,600.0,600.0,600.0,415.8883083359673,1.0,1.0,200000.0,1496.0,0.007111726220704986,0.007867193368884575,600.0,6.171202947788031e+16,30.775976632530316,1797.439364132394,0.95008,0.052365,0.007631578947368479,0.0001515789473684791,,,,,,,,,,,,,,,,,,,,,,,,,,,,,,,,,,
P1_validate_simulators,I,event_bernoulli,0.05,1,600s × 1,,,tie_win,0.10086,a2e0821,600.0,600.0,600.0,415.8883083359673,1.0,1.0,200000.0,20172.0,0.09954786240394928,0.10218747010029172,600.0,1.0709852220298471e+19,30.775976632530316,1797.439364132394,0.94713,0.05287,0.10000000000000005,0.000859999999999958,,,,,,,,,,,,,,,,,,,,,,,,,,,,,,,,,,
P1_validate_simulators,I,distribution,0.05,1,600s × 1,,,tie_win,0.099445,a2e0821,600.0,600.0,600.0,415.8883083359673,1.0,1.0,200000.0,19889.0,0.09814114904828282,0.10076423781155648,600.0,1.6312764641808849e+19,30.775976632530316,1797.439364132394,0.949995,0.0526,0.10000000000000005,0.0005550000000000416,,,,,,,,,,,,,,,,,,,,,,,,,,,,,,,,,,
P1_validate_simulators,I,event_bernoulli,0.05,2,600s × 2,,,strict,0.001215,a2e0821,600.0,1200.0,1200.0,1007.0081940099967,2.0,2.0,200000.0,243.0,0.00107161006642804,0.001377550185934157,1200.0,1.6794837593179843e+19,213.21690641919716,2846.318711034346,1.89569,0.10431,0.00121907894736841,4.07894736841009e-06,,,,,,,,,,,,,,,,,,,,,,,,,,,,,,,,,,
P1_validate_simulators,I,distribution,0.05,2,600s × 2,,,strict,0.00122,a2e0821,600.0,1200.0,1200.0,1007.0081940099967,2.0,2.0,200000.0,244.0,0.0010762971605150172,0.0013828628997779278,1200.0,1.768403031422617e+19,213.21690641919716,2846.318711034346,1.895065,0.105445,0.00121907894736841,9.21052631589923e-07,,,,,,,,,,,,,,,,,,,,,,,,,,,,,,,,,,
P1_validate_simulators,I,event_bernoulli,0.05,2,600s × 2,,,tie_win,0.014795,a2e0821,600.0,1200.0,1200.0,1007.0081940099967,2.0,2.0,200000.0,2959.0,0.014275122674148885,0.015333515918125144,1200.0,1.2914421731835089e+19,213.21690641919716,2846.318711034346,1.895345,0.104655,0.01449999999999998,0.00029500000000002094,,,,,,,,,,,,,,,,,,,,,,,,,,,,,,,,,,
P1_validate_simulators,I,distribution,0.05,2,600s × 2,,,tie_win,0.014415,a2e0821,600.0,1200.0,1200.0,1007.0081940099967,2.0,2.0,200000.0,2883.0,0.013901867254466387,0.014946785935070785,1200.0,1.6658181680058704e+19,213.21690641919716,2846.318711034346,1.894885,0.10563,0.01449999999999998,8.499999999997919e-05,,,,,,,,,,,,,,,,,,,,,,,,,,,,,,,,,,
P1_validate_simulators,I,event_bernoulli,0.05,3,600s × 3,,,strict,0.00015,a2e0821,600.0,1800.0,1800.0,1604.436188234137,3.0,3.0,200000.0,30.0,0.00010507739576390072,0.0002141237673489518,1800.0,1.3597610099599417e+19,490.614868298372,3777.476173123193,2.840395,0.159605,0.00020376644736864715,5.376644736864716e-05,,,,,,,,,,,,,,,,,,,,,,,,,,,,,,,,,,
P1_validate_simulators,I,distribution,0.05,3,600s × 3,,,strict,0.000205,a2e0821,600.0,1800.0,1800.0,1604.436188234137,3.0,3.0,200000.0,41.0,0.00015112698484037935,0.0002780720655107022,1800.0,1.6574752214057116e+19,490.614868298372,3777.476173123193,2.84313,0.15696,0.00020376644736864715,1.2335526313528495e-06,,,,,,,,,,,,,,,,,,,,,,,,,,,,,,,,,,
P1_validate_simulators,I,event_bernoulli,0.05,3,600s × 3,,,tie_win,0.00245,a2e0821,600.0,1800.0,1800.0,1604.436188234137,3.0,3.0,200000.0,490.0,0.0022426854715764943,0.002676427339680483,1800.0,3.7249688679448556e+18,490.614868298372,3777.476173123193,2.842515,0.157485,0.0023162500000002326,0.0001337499999997673,,,,,,,,,,,,,,,,,,,,,,,,,,,,,,,,,,
P1_validate_simulators,I,distribution,0.05,3,600s × 3,,,tie_win,0.002295,a2e0821,600.0,1800.0,1800.0,1604.436188234137,3.0,3.0,200000.0,459.0,0.002094630557252694,0.0025144882081510923,1800.0,7.181678812855981e+18,490.614868298372,3777.476173123193,2.842265,0.15784,0.0023162500000002326,2.1250000000232454e-05,,,,,,,,,,,,,,,,,,,,,,,,,,,,,,,,,,
P1_validate_simulators,I,event_bernoulli,0.05,5,600s × 5,,,strict,0.0,a2e0821,600.0,3000.0,3000.0,2802.5453296775913,5.0,5.0,200000.0,0.0,0.0,1.920692519040967e-05,3000.0,7.659391141053538e+18,1182.0897408357182,5492.111415982544,4.737985,0.262015,6.106679009417566e-06,6.106679009417566e-06,,,,,,,,,,,,,,,,,,,,,,,,,,,,,,,,,,
P1_validate_simulators,I,distribution,0.05,5,600s × 5,,,strict,2e-05,a2e0821,600.0,3000.0,3000.0,2802.5453296775913,5.0,5.0,200000.0,4.0,7.777636035442469e-06,5.142852087795959e-05,3000.0,1.6545749979137694e+19,1182.0897408357182,5492.111415982544,4.73711,0.26289,6.106679009417566e-06,1.3893320990582436e-05,,,,,,,,,,,,,,,,,,,,,,,,,,,,,,,,,,
P1_validate_simulators,I,event_bernoulli,0.05,5,600s × 5,,,tie_win,7.5e-05,a2e0821,600.0,3000.0,3000.0,2802.5453296775913,5.0,5.0,200000.0,15.0,4.5453456606938166e-05,0.00012375058754469294,3000.0,5.009773321508129e+17,1182.0897408357182,5492.111415982544,4.73791,0.26209,6.644441406286355e-05,8.555585937136445e-06,,,,,,,,,,,,,,,,,,,,,,,,,,,,,,,,,,
P1_validate_simulators,I,distribution,0.05,5,600s × 5,,,tie_win,7.5e-05,a2e0821,600.0,3000.0,3000.0,2802.5453296775913,5.0,5.0,200000.0,15.0,4.5453456606938166e-05,0.00012375058754469294,3000.0,4.3143385008620206e+18,1182.0897408357182,5492.111415982544,4.73464,0.26536,6.644441406286355e-05,8.555585937136445e-06,,,,,,,,,,,,,,,,,,,,,,,,,,,,,,,,,,
P1_validate_simulators,I,event_bernoulli,0.05,10,600s × 10,,,strict,0.0,a2e0821,600.0,6000.0,6000.0,5801.228768828478,10.0,10.0,200000.0,0.0,0.0,1.920692519040967e-05,6000.0,5.385440178379186e+18,3255.243418254776,9423.129853269278,9.47729,0.52271,1.1348396857711494e-09,1.1348396857711494e-09,,,,,,,,,,,,,,,,,,,,,,,,,,,,,,,,,,
P1_validate_simulators,I,distribution,0.05,10,600s × 10,,,strict,0.0,a2e0821,600.0,6000.0,6000.0,5801.228768828478,10.0,10.0,200000.0,0.0,0.0,1.920692519040967e-05,6000.0,7.793132572744324e+18,3255.243418254776,9423.129853269278,9.474055,0.525945,1.1348396857711494e-09,1.1348396857711494e-09,,,,,,,,,,,,,,,,,,,,,,,,,,,,,,,,,,
P1_validate_simulators,I,event_bernoulli,0.05,10,600s × 10,,,tie_win,0.0,a2e0821,600.0,6000.0,6000.0,5801.228768828478,10.0,10.0,200000.0,0.0,0.0,1.920692519040967e-05,6000.0,6.075129746409491e+18,3255.243418254776,9423.129853269278,9.47123,0.52877,1.1878677858219526e-08,1.1878677858219526e-08,,,,,,,,,,,,,,,,,,,,,,,,,,,,,,,,,,
P1_validate_simulators,I,distribution,0.05,10,600s × 10,,,tie_win,0.0,a2e0821,600.0,6000.0,6000.0,5801.228768828478,10.0,10.0,200000.0,0.0,0.0,1.920692519040967e-05,6000.0,1.2678978079087978e+19,3255.243418254776,9423.129853269278,9.47486,0.52514,1.1878677858219526e-08,1.1878677858219526e-08,,,,,,,,,,,,,,,,,,,,,,,,,,,,,,,,,,
P1_validate_simulators,I,event_bernoulli,0.1,1,600s × 1,,,strict,0.03113,a2e0821,600.0,600.0,600.0,415.8883083359673,1.0,1.0,200000.0,6226.0,0.030377835600474423,0.031900175501553635,600.0,1.5803838087606315e+19,30.775976632530316,1797.439364132394,0.88919,0.11081,0.031111111111111124,1.8888888888877325e-05,,,,,,,,,,,,,,,,,,,,,,,,,,,,,,,,,,
P1_validate_simulators,I,distribution,0.1,1,600s × 1,,,strict,0.030925,a2e0821,600.0,600.0,600.0,415.8883083359673,1.0,1.0,200000.0,6185.0,0.030175269294790013,0.03169274968207737,600.0,1.5506762139641645e+19,30.775976632530316,1797.439364132394,0.899845,0.111285,0.031111111111111124,0.000186111111111123,,,,,,,,,,,,,,,,,,,,,,,,,,,,,,,,,,
P1_validate_simulators,I,event_bernoulli,0.1,1,600s × 1,,,tie_win,0.20023,a2e0821,600.0,600.0,600.0,415.8883083359673,1.0,1.0,200000.0,40046.0,0.19848196442222402,0.20198955089770468,600.0,1.0845821636518e+19,30.775976632530316,1797.439364132394,0.88912,0.11088,0.19999999999999998,0.00023000000000000798,,,,,,,,,,,,,,,,,,,,,,,,,,,,,,,,,,
P1_validate_simulators,I,distribution,0.1,1,600s × 1,,,tie_win,0.199835,a2e0821,600.0,600.0,600.0,415.8883083359673,1.0,1.0,200000.0,39967.0,0.1980882700940581,0.2015932603993415,600.0,1.1163995147747756e+19,30.775976632530316,1797.439364132394,0.900085,0.111165,0.19999999999999998,0.00016499999999997073,,,,,,,,,,,,,,,,,,,,,,,,,,,,,,,,,,
P1_validate_simulators,I,event_bernoulli,0.1,2,600s × 2,,,strict,0.009545,a2e0821,600.0,1200.0,1200.0,1007.0081940099967,2.0,2.0,200000.0,1909.0,0.009128193720800697,0.00998064654418783,1200.0,8.375927141122887e+18,213.21690641919716,2846.318711034346,1.77866,0.22134,0.00951111111111104,3.388888888895998e-05,,,,,,,,,,,,,,,,,,,,,,,,,,,,,,,,,,
P1_validate_simulators,I,distribution,0.1,2,600s × 2,,,strict,0.009565,a2e0821,600.0,1200.0,1200.0,1007.0081940099967,2.0,2.0,200000.0,1913.0,0.009147751558300478,0.010001087938411042,1200.0,9.653203102764737e+18,213.21690641919716,2846.318711034346,1.78201,0.222105,0.00951111111111104,5.38888888889609e-05,,,,,,,,,,,,,,,,,,,,,,,,,,,,,,,,,,
P1_validate_simulators,I,event_bernoulli,0.1,2,600s × 2,,,tie_win,0.05622,a2e0821,600.0,1200.0,1200.0,1007.0081940099967,2.0,2.0,200000.0,11244.0,0.055218979751675286,0.05723806754684672,1200.0,1.533261626030043e+19,213.21690641919716,2846.318711034346,1.77933,0.22067,0.055999999999999925,0.0002200000000000743,,,,,,,,,,,,,,,,,,,,,,,,,,,,,,,,,,
P1_validate_simulators,I,distribution,0.1,2,600s × 2,,,tie_win,0.055665,a2e0821,600.0,1200.0,1200.0,1007.0081940099967,2.0,2.0,200000.0,11133.0,0.05466869009426574,0.056678378523943224,1200.0,1.3450373048811956e+19,213.21690641919716,2846.318711034346,1.78191,0.22246,0.055999999999999925,0.00033499999999992564,,,,,,,,,,,,,,,,,,,,,,,,,,,,,,,,,,
P1_validate_simulators,I,event_bernoulli,0.1,3,600s × 3,,,strict,0.003015,a2e0821,600.0,1800.0,1800.0,1604.436188234137,3.0,3.0,200000.0,603.0,0.0027840764251913517,0.0032650146822401603,1800.0,1.6697326210556293e+19,490.614868298372,3777.476173123193,2.666325,0.333675,0.003031111111110994,1.611111111099418e-05,,,,,,,,,,,,,,,,,,,,,,,,,,,,,,,,,,
P1_validate_simulators,I,distribution,0.1,3,600s × 3,,,strict,0.00305,a2e0821,600.0,1800.0,1800.0,1604.436188234137,3.0,3.0,200000.0,610.0,0.0028176904745019354,0.0033013992884448136,1800.0,3.8439657198483855e+18,490.614868298372,3777.476173123193,2.66871,0.33281,0.003031111111110994,1.888888888900613e-05,,,,,,,,,,,,,,,,,,,,,,,,,,,,,,,,,,
P1_validate_simulators,I,event_bernoulli,0.1,3,600s × 3,,,tie_win,0.01699,a2e0821,600.0,1800.0,1800.0,1604.436188234137,3.0,3.0,200000.0,3398.0,0.016432825505012863,0.017565728768859583,1800.0,2.737571840505869e+18,490.614868298372,3777.476173123193,2.66677,0.33323,0.017119999999999906,0.0001299999999999045,,,,,,,,,,,,,,,,,,,,,,,,,,,,,,,,,,
P1_validate_simulators,I,distribution,0.1,3,600s × 3,,,tie_win,0.017915,a2e0821,600.0,1800.0,1800.0,1604.436188234137,3.0,3.0,200000.0,3583.0,0.017342870179550603,0.018505648561510237,1800.0,9.98302415477336e+18,490.614868298372,3777.476173123193,2.664765,0.33673,0.017119999999999906,0.0007950000000000942,,,,,,,,,,,,,,,,,,,,,,,,,,,,,,,,,,
P1_validate_simulators,I,event_bernoulli,0.1,5,600s × 5,,,strict,0.00031,a2e0821,600.0,3000.0,3000.0,2802.5453296775913,5.0,5.0,200000.0,62.0,0.00024185168417510623,0.00039734333272168547,3000.0,1.047528507778489e+19,1182.0897408357182,5492.111415982544,4.445155,0.554845,0.0003285623111111653,1.8562311111165275e-05,,,,,,,,,,,,,,,,,,,,,,,,,,,,,,,,,,
P1_validate_simulators,I,distribution,0.1,5,600s × 5,,,strict,0.00026,a2e0821,600.0,3000.0,3000.0,2802.5453296775913,5.0,5.0,200000.0,52.0,0.00019829185784892594,0.0003409050797403848,3000.0,1.671556392250403e+18,1182.0897408357182,5492.111415982544,4.4465,0.553645,0.0003285623111111653,6.85623111111653e-05,,,,,,,,,,,,,,,,,,,,,,,,,,,,,,,,,,
P1_validate_simulators,I,event_bernoulli,0.1,5,600s × 5,,,tie_win,0.00199,a2e0821,600.0,3000.0,3000.0,2802.5453296775913,5.0,5.0,200000.0,398.0,0.0018040218604190856,0.0021951086212090667,3000.0,7.545948311455251e+18,1182.0897408357182,5492.111415982544,4.443385,0.556615,0.0017818400000000187,0.00020815999999998134,,,,,,,,,,,,,,,,,,,,,,,,,,,,,,,,,,
P1_validate_simulators,I,distribution,0.1,5,600s × 5,,,tie_win,0.001995,a2e0821,600.0,3000.0,3000.0,2802.5453296775913,5.0,5.0,200000.0,399.0,0.0018087773420258357,0.0022003529475330646,3000.0,1.1716781484405514e+19,1182.0897408357182,5492.111415982544,4.44619,0.55401,0.0017818400000000187,0.00021315999999998113,,,,,,,,,,,,,,,,,,,,,,,,,,,,,,,,,,
P1_validate_simulators,I,event_bernoulli,0.1,10,600s × 10,,,strict,5e-06,a2e0821,600.0,6000.0,6000.0,5801.228768828478,10.0,10.0,200000.0,1.0,8.826233199317767e-07,2.832410980122599e-05,6000.0,1.388194434767602e+18,3255.243418254776,9423.129853269278,8.88828,1.11172,1.5034055229799991e-06,3.4965944770200013e-06,,,,,,,,,,,,,,,,,,,,,,,,,,,,,,,,,,
P1_validate_simulators,I,distribution,0.1,10,600s × 10,,,strict,0.0,a2e0821,600.0,6000.0,6000.0,5801.228768828478,10.0,10.0,200000.0,0.0,0.0,1.920692519040967e-05,6000.0,5.347954164305716e+18,3255.243418254776,9423.129853269278,8.88854,1.11146,1.5034055229799991e-06,1.5034055229799991e-06,,,,,,,,,,,,,,,,,,,,,,,,,,,,,,,,,,
P1_validate_simulators,I,event_bernoulli,0.1,10,600s × 10,,,tie_win,0.0,a2e0821,600.0,6000.0,6000.0,5801.228768828478,10.0,10.0,200000.0,0.0,0.0,1.920692519040967e-05,6000.0,3.8857889853448515e+18,3255.243418254776,9423.129853269278,8.89185,1.10815,7.859764652798608e-06,7.859764652798608e-06,,,,,,,,,,,,,,,,,,,,,,,,,,,,,,,,,,
P1_validate_simulators,I,distribution,0.1,10,600s × 10,,,tie_win,5e-06,a2e0821,600.0,6000.0,6000.0,5801.228768828478,10.0,10.0,200000.0,1.0,8.826233199317767e-07,2.832410980122599e-05,6000.0,8.03497994853192e+18,3255.243418254776,9423.129853269278,8.88602,1.11398,7.859764652798608e-06,2.8597646527986075e-06,,,,,,,,,,,,,,,,,,,,,,,,,,,,,,,,,,
P1_validate_simulators,I,event_bernoulli,0.2,1,600s × 1,,,strict,0.129615,a2e0821,600.0,600.0,600.0,415.8883083359673,1.0,1.0,200000.0,25923.0,0.12815008170615583,0.1310941462078175,600.0,1.3075219416512727e+19,30.775976632530316,1797.439364132394,0.751985,0.248015,0.12999999999999995,0.00038499999999994095,,,,,,,,,,,,,,,,,,,,,,,,,,,,,,,,,,
P1_validate_simulators,I,distribution,0.2,1,600s × 1,,,strict,0.129975,a2e0821,600.0,600.0,600.0,415.8883083359673,1.0,1.0,200000.0,25995.0,0.12850833690812122,0.131455877176866,600.0,7.535372532527347e+18,30.775976632530316,1797.439364132394,0.798205,0.25214,0.12999999999999995,2.4999999999941735e-05,,,,,,,,,,,,,,,,,,,,,,,,,,,,,,,,,,
P1_validate_simulators,I,event_bernoulli,0.2,1,600s × 1,,,tie_win,0.401395,a2e0821,600.0,600.0,600.0,415.8883083359673,1.0,1.0,200000.0,80279.0,0.39924864182158193,0.4035451459761349,600.0,1.4137203222387761e+19,30.775976632530316,1797.439364132394,0.74726,0.25274,0.39999999999999997,0.001395000000000035,,,,,,,,,,,,,,,,,,,,,,,,,,,,,,,,,,
P1_validate_simulators,I,distribution,0.2,1,600s × 1,,,tie_win,0.40076,a2e0821,600.0,600.0,600.0,415.8883083359673,1.0,1.0,200000.0,80152.0,0.3986142156991312,0.40290959649138064,600.0,1.1461766611137528e+19,30.775976632530316,1797.439364132394,0.80058,0.249005,0.39999999999999997,0.0007600000000000384,,,,,,,,,,,,,,,,,,,,,,,,,,,,,,,,,,
P1_validate_simulators,I,event_bernoulli,0.2,2,600s × 2,,,strict,0.071425,a2e0821,600.0,1200.0,1200.0,1007.0081940099967,2.0,2.0,200000.0,14285.0,0.07030454313277482,0.07256192008315214,1200.0,2.06635418749787e+18,213.21690641919716,2846.318711034346,1.5015,0.4985,0.0724,0.0009750000000000036,,,,,,,,,,,,,,,,,,,,,,,,,,,,,,,,,,
P1_validate_simulators,I,distribution,0.2,2,600s × 2,,,strict,0.07173,a2e0821,600.0,1200.0,1200.0,1007.0081940099967,2.0,2.0,200000.0,14346.0,0.07060731590740223,0.07286913559230036,1200.0,2.471046259549281e+18,213.21690641919716,2846.318711034346,1.537015,0.498095,0.0724,0.0006700000000000039,,,,,,,,,,,,,,,,,,,,,,,,,,,,,,,,,,
P1_validate_simulators,I,event_bernoulli,0.2,2,600s × 2,,,tie_win,0.20923,a2e0821,600.0,1200.0,1200.0,1007.0081940099967,2.0,2.0,200000.0,41846.0,0.2074529264236137,0.21101824317166157,1200.0,1.6475108521487288e+19,213.21690641919716,2846.318711034346,1.49912,0.50088,0.208,0.0012300000000000089,,,,,,,,,,,,,,,,,,,,,,,,,,,,,,,,,,
P1_validate_simulators,I,distribution,0.2,2,600s × 2,,,tie_win,0.20901,a2e0821,600.0,1200.0,1200.0,1007.0081940099967,2.0,2.0,200000.0,41802.0,0.20723362025656702,0.21079755778975534,1200.0,6.247342092401339e+17,213.21690641919716,2846.318711034346,1.532495,0.503965,0.208,0.0010100000000000109,,,,,,,,,,,,,,,,,,,,,,,,,,,,,,,,,,
P1_validate_simulators,I,event_bernoulli,0.2,3,600s × 3,,,strict,0.042105,a2e0821,600.0,1800.0,1800.0,1604.436188234137,3.0,3.0,200000.0,8421.0,0.04123360483233117,0.04299398467768895,1800.0,9.55488884255865e+18,490.614868298372,3777.476173123193,2.24837,0.75163,0.04167999999999987,0.00042500000000012667,,,,,,,,,,,,,,,,,,,,,,,,,,,,,,,,,,
P1_validate_simulators,I,distribution,0.2,3,600s × 3,,,strict,0.0412,a2e0821,600.0,1800.0,1800.0,1604.436188234137,3.0,3.0,200000.0,8240.0,0.04033772065613828,0.04207990361841644,1800.0,1.0744642606202049e+19,490.614868298372,3777.476173123193,2.27662,0.746145,0.04167999999999987,0.0004799999999998694,,,,,,,,,,,,,,,,,,,,,,,,,,,,,,,,,,
P1_validate_simulators,I,event_bernoulli,0.2,3,600s × 3,,,tie_win,0.115845,a2e0821,600.0,1800.0,1800.0,1604.436188234137,3.0,3.0,200000.0,23169.0,0.11444976568714336,0.11725499118554969,1800.0,1.3480495728103903e+19,490.614868298372,3777.476173123193,2.248855,0.751145,0.11583999999999987,5.0000000001299005e-06,,,,,,,,,,,,,,,,,,,,,,,,,,,,,,,,,,
P1_validate_simulators,I,distribution,0.2,3,600s × 3,,,tie_win,0.115015,a2e0821,600.0,1800.0,1800.0,1604.436188234137,3.0,3.0,200000.0,23003.0,0.11362415930352875,0.11642062945266013,1800.0,1.6331336121475787e+19,490.614868298372,3777.476173123193,2.280975,0.74221,0.11583999999999987,0.0008249999999998675,,,,,,,,,,,,,,,,,,,,,,,,,,,,,,,,,,
P1_validate_simulators,I,event_bernoulli,0.2,5,600s × 5,,,strict,0.01487,a2e0821,600.0,3000.0,3000.0,2802.5453296775913,5.0,5.0,200000.0,2974.0,0.014348802234492227,0.015409833476743021,3000.0,1.4279805529915564e+19,1182.0897408357182,5492.111415982544,3.750195,1.249805,0.014567756799999517,0.0003022432000004821,,,,,,,,,,,,,,,,,,,,,,,,,,,,,,,,,,
P1_validate_simulators,I,distribution,0.2,5,600s × 5,,,strict,0.01476,a2e0821,600.0,3000.0,3000.0,2802.5453296775913,5.0,5.0,200000.0,2952.0,0.014240740075652026,0.015297899861106764,3000.0,1.0341729835771718e+19,1182.0897408357182,5492.111415982544,3.75383,1.255435,0.014567756799999517,0.00019224320000048312,,,,,,,,,,,,,,,,,,,,,,,,,,,,,,,,,,
P1_validate_simulators,I,event_bernoulli,0.2,5,600s × 5,,,tie_win,0.03935,a2e0821,600.0,3000.0,3000.0,2802.5453296775913,5.0,5.0,200000.0,7870.0,0.03850671484453418,0.04021098049564375,3000.0,1.511971086121026e+19,1182.0897408357182,5492.111415982544,3.750115,1.249885,0.03916287999999953,0.0001871200000004708,,,,,,,,,,,,,,,,,,,,,,,,,,,,,,,,,,
P1_validate_simulators,I,distribution,0.2,5,600s × 5,,,tie_win,0.03933,a2e0821,600.0,3000.0,3000.0,2802.5453296775913,5.0,5.0,200000.0,7866.0,0.038486922913913334,0.0401907731945416,3000.0,1.6721625515450227e+19,1182.0897408357182,5492.111415982544,3.75543,1.25379,0.03916287999999953,0.00016712000000046467,,,,,,,,,,,,,,,,,,,,,,,,,,,,,,,,,,
P1_validate_simulators,I,event_bernoulli,0.2,10,600s × 10,,,strict,0.00117,a2e0821,600.0,6000.0,6000.0,5801.228768828478,10.0,10.0,200000.0,234.0,0.0010294556911867592,0.0013297062897987052,6000.0,2.0668358949748419e+18,3255.243418254776,9423.129853269278,7.49941,2.50059,0.0012121205478262836,4.212054782628356e-05,,,,,,,,,,,,,,,,,,,,,,,,,,,,,,,,,,
P1_validate_simulators,I,distribution,0.2,10,600s × 10,,,strict,0.001285,a2e0821,600.0,6000.0,6000.0,5801.228768828478,10.0,10.0,200000.0,257.0,0.0011372862612975096,0.0014518713020951605,6000.0,1.445246400658171e+19,3255.243418254776,9423.129853269278,7.49696,2.503935,0.0012121205478262836,7.287945217371631e-05,,,,,,,,,,,,,,,,,,,,,,,,,,,,,,,,,,
P1_validate_simulators,I,event_bernoulli,0.2,10,600s × 10,,,tie_win,0.00306,a2e0821,600.0,6000.0,6000.0,5801.228768828478,10.0,10.0,200000.0,612.0,0.0028272959614120815,0.003311793417396163,6000.0,1.4916568814987182e+19,3255.243418254776,9423.129853269278,7.49692,2.50308,0.003158241098331755,9.824109833175528e-05,,,,,,,,,,,,,,,,,,,,,,,,,,,,,,,,,,
P1_validate_simulators,I,distribution,0.2,10,600s × 10,,,tie_win,0.00336,a2e0821,600.0,6000.0,6000.0,5801.228768828478,10.0,10.0,200000.0,672.0,0.003115748814690773,0.0036233290399623583,6000.0,1.131571925397083e+19,3255.243418254776,9423.129853269278,7.497015,2.503895,0.003158241098331755,0.00020175890166824507,,,,,,,,,,,,,,,,,,,,,,,,,,,,,,,,,,
P1_validate_simulators,I,event_bernoulli,0.3,1,600s × 1,,,strict,0.30999,a2e0821,600.0,600.0,600.0,415.8883083359673,1.0,1.0,200000.0,61998.0,0.3079667549302072,0.31202054408550367,600.0,1.3397387186689812e+19,30.775976632530316,1797.439364132394,0.57315,0.42685,0.30857142857142866,0.0014185714285713247,,,,,,,,,,,,,,,,,,,,,,,,,,,,,,,,,,
P1_validate_simulators,I,distribution,0.3,1,600s × 1,,,strict,0.307635,a2e0821,600.0,600.0,600.0,415.8883083359673,1.0,1.0,200000.0,61527.0,0.3056160711328139,0.30966131834751454,600.0,4.3060301630489236e+18,30.775976632530316,1797.439364132394,0.701735,0.425945,0.30857142857142866,0.0009364285714286713,,,,,,,,,,,,,,,,,,,,,,,,,,,,,,,,,,
P1_validate_simulators,I,event_bernoulli,0.3,1,600s × 1,,,tie_win,0.598975,a2e0821,600.0,600.0,600.0,415.8883083359673,1.0,1.0,200000.0,119795.0,0.596825173739849,0.6011210242493096,600.0,3.204560715880833e+17,30.775976632530316,1797.439364132394,0.56957,0.43043,0.6000000000000001,0.0010250000000000536,,,,,,,,,,,,,,,,,,,,,,,,,,,,,,,,,,
P1_validate_simulators,I,distribution,0.3,1,600s × 1,,,tie_win,0.59834,a2e0821,600.0,600.0,600.0,415.8883083359673,1.0,1.0,200000.0,119668.0,0.5961896258208013,0.6004865965611523,600.0,1.376492115761099e+19,30.775976632530316,1797.439364132394,0.700415,0.428705,0.6000000000000001,0.0016600000000001058,,,,,,,,,,,,,,,,,,,,,,,,,,,,,,,,,,
P1_validate_simulators,I,event_bernoulli,0.3,2,600s × 2,,,strict,0.23315,a2e0821,600.0,1200.0,1200.0,1007.0081940099967,2.0,2.0,200000.0,46630.0,0.23130200553385538,0.23500824520211877,1200.0,2.797502266073947e+18,213.21690641919716,2846.318711034346,1.145445,0.854555,0.23297142857142886,0.00017857142857113928,,,,,,,,,,,,,,,,,,,,,,,,,,,,,,,,,,
P1_validate_simulators,I,distribution,0.3,2,600s × 2,,,strict,0.23159,a2e0821,600.0,1200.0,1200.0,1007.0081940099967,2.0,2.0,200000.0,46318.0,0.229746367744939,0.23344394291664172,1200.0,8.315529640404719e+18,213.21690641919716,2846.318711034346,1.276075,0.85292,0.23297142857142886,0.0013814285714288665,,,,,,,,,,,,,,,,,,,,,,,,,,,,,,,,,,
P1_validate_simulators,I,event_bernoulli,0.3,2,600s × 2,,,tie_win,0.43181,a2e0821,600.0,1200.0,1200.0,1007.0081940099967,2.0,2.0,200000.0,86362.0,0.42964049807695515,0.43398212136350234,1200.0,6.514237068748433e+18,213.21690641919716,2846.318711034346,1.144955,0.855045,0.43200000000000016,0.0001900000000001345,,,,,,,,,,,,,,,,,,,,,,,,,,,,,,,,,,
P1_validate_simulators,I,distribution,0.3,2,600s × 2,,,tie_win,0.43151,a2e0821,600.0,1200.0,1200.0,1007.0081940099967,2.0,2.0,200000.0,86302.0,0.4293406852408929,0.43368194572371965,1200.0,1.2450949379257987e+18,213.21690641919716,2846.318711034346,1.27395,0.85788,0.43200000000000016,0.000490000000000157,,,,,,,,,,,,,,,,,,,,,,,,,,,,,,,,,,
P1_validate_simulators,I,event_bernoulli,0.3,3,600s × 3,,,strict,0.1793,a2e0821,600.0,1800.0,1800.0,1604.436188234137,3.0,3.0,200000.0,35860.0,0.17762497972239863,0.1809873395994185,1800.0,7.929684498584046e+17,490.614868298372,3777.476173123193,1.721085,1.278915,0.18005142857142897,0.0007514285714289859,,,,,,,,,,,,,,,,,,,,,,,,,,,,,,,,,,
P1_validate_simulators,I,distribution,0.3,3,600s × 3,,,strict,0.17873,a2e0821,600.0,1800.0,1800.0,1604.436188234137,3.0,3.0,200000.0,35746.0,0.1770570822053245,0.18041525901238736,1800.0,7.360884038083841e+18,490.614868298372,3777.476173123193,1.831265,1.28488,0.18005142857142897,0.001321428571428973,,,,,,,,,,,,,,,,,,,,,,,,,,,,,,,,,,
P1_validate_simulators,I,event_bernoulli,0.3,3,600s × 3,,,tie_win,0.32666,a2e0821,600.0,1800.0,1800.0,1604.436188234137,3.0,3.0,200000.0,65332.0,0.3246079372502419,0.3287187214065831,1800.0,1.1302092235282991e+19,490.614868298372,3777.476173123193,1.71234,1.28766,0.3261600000000003,0.0004999999999997229,,,,,,,,,,,,,,,,,,,,,,,,,,,,,,,,,,
P1_validate_simulators,I,distribution,0.3,3,600s × 3,,,tie_win,0.32461,a2e0821,600.0,1800.0,1800.0,1604.436188234137,3.0,3.0,200000.0,64922.0,0.3225613195084762,0.3266654178967421,1800.0,1.527318095790284e+19,490.614868298372,3777.476173123193,1.83462,1.28008,0.3261600000000003,0.0015500000000002734,,,,,,,,,,,,,,,,,,,,,,,,,,,,,,,,,,
P1_validate_simulators,I,event_bernoulli,0.3,5,600s × 5,,,strict,0.11293,a2e0821,600.0,3000.0,3000.0,2802.5453296775913,5.0,5.0,200000.0,22586.0,0.11155029929625382,0.11432456955281309,3000.0,1.822485734413759e+18,1182.0897408357182,5492.111415982544,2.848965,2.151035,0.11174970137142892,0.0011802986285710804,,,,,,,,,,,,,,,,,,,,,,,,,,,,,,,,,,
P1_validate_simulators,I,distribution,0.3,5,600s × 5,,,strict,0.1125,a2e0821,600.0,3000.0,3000.0,2802.5453296775913,5.0,5.0,200000.0,22500.0,0.11112261531863225,0.11389227004839032,3000.0,1.5018438793559611e+19,1182.0897408357182,5492.111415982544,2.93952,2.147995,0.11174970137142892,0.0007502986285710805,,,,,,,,,,,,,,,,,,,,,,,,,,,,,,,,,,
P1_validate_simulators,I,event_bernoulli,0.3,5,600s × 5,,,tie_win,0.198815,a2e0821,600.0,3000.0,3000.0,2802.5453296775913,5.0,5.0,200000.0,39763.0,0.19707165408217128,0.20056991559335569,3000.0,2.767976707038472e+18,1182.0897408357182,5492.111415982544,2.854065,2.145935,0.19761732000000035,0.0011976799999996457,,,,,,,,,,,,,,,,,,,,,,,,,,,,,,,,,,
P1_validate_simulators,I,distribution,0.3,5,600s × 5,,,tie_win,0.19746,a2e0821,600.0,3000.0,3000.0,2802.5453296775913,5.0,5.0,200000.0,39492.0,0.19572117722618854,0.1992104445001057,3000.0,9.50189524999437e+18,1182.0897408357182,5492.111415982544,2.944785,2.14239,0.19761732000000035,0.0001573200000003494,,,,,,,,,,,,,,,,,,,,,,,,,,,,,,,,,,
P1_validate_simulators,I,event_bernoulli,0.3,10,600s × 10,,,strict,0.0374,a2e0821,600.0,6000.0,6000.0,5801.228768828478,10.0,10.0,200000.0,7480.0,0.03657728902640212,0.03824048122078406,6000.0,7.69805005177512e+18,3255.243418254776,9423.129853269278,5.71485,4.28515,0.03769991528754782,0.0002999152875478167,,,,,,,,,,,,,,,,,,,,,,,,,,,,,,,,,,
P1_validate_simulators,I,distribution,0.3,10,600s × 10,,,strict,0.037675,a2e0821,600.0,6000.0,6000.0,5801.228768828478,10.0,10.0,200000.0,7535.0,0.0368493516273766,0.038518408056000715,6000.0,9.91824675416145e+18,3255.243418254776,9423.129853269278,5.739895,4.29573,0.03769991528754782,2.4915287547819243e-05,,,,,,,,,,,,,,,,,,,,,,,,,,,,,,,,,,
P1_validate_simulators,I,event_bernoulli,0.3,10,600s × 10,,,tie_win,0.06608,a2e0821,600.0,6000.0,6000.0,5801.228768828478,10.0,10.0,200000.0,13216.0,0.06499957591083025,0.06717709262712698,6000.0,3.306371638985431e+18,3255.243418254776,9423.129853269278,5.710695,4.289305,0.0651067137626013,0.0009732862373987017,,,,,,,,,,,,,,,,,,,,,,,,,,,,,,,,,,
P1_validate_simulators,I,distribution,0.3,10,600s × 10,,,tie_win,0.065465,a2e0821,600.0,6000.0,6000.0,5801.228768828478,10.0,10.0,200000.0,13093.0,0.06438930893054233,0.06655738323193289,6000.0,1.8030150282211328e+19,3255.243418254776,9423.129853269278,5.739965,4.29392,0.0651067137626013,0.00035828623739869725,,,,,,,,,,,,,,,,,,,,,,,,,,,,,,,,,,
P1_validate_simulators,I,event_bernoulli,0.4,1,600s × 1,,,strict,0.586575,a2e0821,600.0,600.0,600.0,415.8883083359673,1.0,1.0,200000.0,117315.0,0.5844151495576844,0.5887315247632189,600.0,8.815573440462577e+18,30.775976632530316,1797.439364132394,0.33738,0.66262,0.5866666666666667,9.166666666671208e-05,,,,,,,,,,,,,,,,,,,,,,,,,,,,,,,,,,
P1_validate_simulators,I,distribution,0.4,1,600s × 1,,,strict,0.587325,a2e0821,600.0,600.0,600.0,415.8883083359673,1.0,1.0,200000.0,117465.0,0.5851657155821061,0.5894809299284094,600.0,1.0706659799668138e+19,30.775976632530316,1797.439364132394,0.599725,0.6683,0.5866666666666667,0.0006583333333333163,,,,,,,,,,,,,,,,,,,,,,,,,,,,,,,,,,
P1_validate_simulators,I,event_bernoulli,0.4,1,600s × 1,,,tie_win,0.800685,a2e0821,600.0,600.0,600.0,415.8883083359673,1.0,1.0,200000.0,160137.0,0.7989284425618902,0.8024300069695081,600.0,1.1634681410272432e+19,30.775976632530316,1797.439364132394,0.32812,0.67188,0.8,0.0006849999999999357,,,,,,,,,,,,,,,,,,,,,,,,,,,,,,,,,,
P1_validate_simulators,I,distribution,0.4,1,600s × 1,,,tie_win,0.79964,a2e0821,600.0,600.0,600.0,415.8883083359673,1.0,1.0,200000.0,159928.0,0.7978800249650296,0.8013884647088423,600.0,4.2326293929904425e+18,30.775976632530316,1797.439364132394,0.599445,0.669545,0.8,0.00036000000000002697,,,,,,,,,,,,,,,,,,,,,,,,,,,,,,,,,,
P1_validate_simulators,I,event_bernoulli,0.4,2,600s × 2,,,strict,0.529055,a2e0821,600.0,1200.0,1200.0,1007.0081940099967,2.0,2.0,200000.0,105811.0,0.5268668594285157,0.5312420244570616,1200.0,7.828446852093621e+18,213.21690641919716,2846.318711034346,0.667355,1.332645,0.5290666666666668,1.1666666666743097e-05,,,,,,,,,,,,,,,,,,,,,,,,,,,,,,,,,,
P1_validate_simulators,I,distribution,0.4,2,600s × 2,,,strict,0.529755,a2e0821,600.0,1200.0,1200.0,1007.0081940099967,2.0,2.0,200000.0,105951.0,0.5275670267103285,0.5319418302855534,1200.0,2.6584154428027484e+18,213.21690641919716,2846.318711034346,1.00841,1.332725,0.5290666666666668,0.0006883333333331798,,,,,,,,,,,,,,,,,,,,,,,,,,,,,,,,,,
P1_validate_simulators,I,event_bernoulli,0.4,2,600s × 2,,,tie_win,0.706135,a2e0821,600.0,1200.0,1200.0,1007.0081940099967,2.0,2.0,200000.0,141227.0,0.7041346407062382,0.7081274408547135,1200.0,2.6772396967726193e+18,213.21690641919716,2846.318711034346,0.65806,1.34194,0.7040000000000002,0.002134999999999776,,,,,,,,,,,,,,,,,,,,,,,,,,,,,,,,,,
P1_validate_simulators,I,distribution,0.4,2,600s × 2,,,tie_win,0.703765,a2e0821,600.0,1200.0,1200.0,1007.0081940099967,2.0,2.0,200000.0,140753.0,0.7017600186570534,0.7057621539447237,1200.0,1.0350304821600055e+19,213.21690641919716,2846.318711034346,1.008795,1.330275,0.7040000000000002,0.00023500000000020727,,,,,,,,,,,,,,,,,,,,,,,,,,,,,,,,,,
P1_validate_simulators,I,event_bernoulli,0.4,3,600s × 3,,,strict,0.483145,a2e0821,600.0,1800.0,1800.0,1604.436188234137,3.0,3.0,200000.0,96629.0,0.48095528380447145,0.48533536366097674,1800.0,9.100303970585e+18,490.614868298372,3777.476173123193,1.001485,1.998515,0.48298666666666673,0.00015833333333326038,,,,,,,,,,,,,,,,,,,,,,,,,,,,,,,,,,
P1_validate_simulators,I,distribution,0.4,3,600s × 3,,,strict,0.482595,a2e0821,600.0,1800.0,1800.0,1604.436188234137,3.0,3.0,200000.0,96519.0,0.4804053769959901,0.48478529159707573,1800.0,3.0846048365864627e+18,490.614868298372,3777.476173123193,1.37695,1.99451,0.48298666666666673,0.00039166666666673455,,,,,,,,,,,,,,,,,,,,,,,,,,,,,,,,,,
P1_validate_simulators,I,event_bernoulli,0.4,3,600s × 3,,,tie_win,0.635515,a2e0821,600.0,1800.0,1800.0,1604.436188234137,3.0,3.0,200000.0,127103.0,0.6334031280954852,0.6376216662515806,1800.0,1.1331389650711644e+18,490.614868298372,3777.476173123193,1.001225,1.998775,0.6348800000000001,0.0006349999999999412,,,,,,,,,,,,,,,,,,,,,,,,,,,,,,,,,,
P1_validate_simulators,I,distribution,0.4,3,600s × 3,,,tie_win,0.635435,a2e0821,600.0,1800.0,1800.0,1604.436188234137,3.0,3.0,200000.0,127087.0,0.6333230309458213,0.6375417664743523,1800.0,1.0937581294254735e+19,490.614868298372,3777.476173123193,1.374265,1.997935,0.6348800000000001,0.0005549999999998612,,,,,,,,,,,,,,,,,,,,,,,,,,,,,,,,,,
P1_validate_simulators,I,event_bernoulli,0.4,5,600s × 5,,,strict,0.410005,a2e0821,600.0,3000.0,3000.0,2802.5453296775913,5.0,5.0,200000.0,82001.0,0.4078512296343729,0.4121622274200921,3000.0,5.016032696649577e+17,1182.0897408357182,5492.111415982544,1.66622,3.33378,0.41083644586666657,0.0008314458666665581,,,,,,,,,,,,,,,,,,,,,,,,,,,,,,,,,,
P1_validate_simulators,I,distribution,0.4,5,600s × 5,,,strict,0.412305,a2e0821,600.0,3000.0,3000.0,2802.5453296775913,5.0,5.0,200000.0,82461.0,0.41014936542565,0.4144640032769591,3000.0,3.446107024851251e+17,1182.0897408357182,5492.111415982544,2.05587,3.33953,0.41083644586666657,0.0014685541333334107,,,,,,,,,,,,,,,,,,,,,,,,,,,,,,,,,,
P1_validate_simulators,I,event_bernoulli,0.4,5,600s × 5,,,tie_win,0.53487,a2e0821,600.0,3000.0,3000.0,2802.5453296775913,5.0,5.0,200000.0,106974.0,0.5326833801816154,0.5370552803274217,3000.0,1.2382276779743758e+19,1182.0897408357182,5492.111415982544,1.66572,3.33428,0.53313536,0.0017346400000000095,,,,,,,,,,,,,,,,,,,,,,,,,,,,,,,,,,
P1_validate_simulators,I,distribution,0.4,5,600s × 5,,,tie_win,0.5346,a2e0821,600.0,3000.0,3000.0,2802.5453296775913,5.0,5.0,200000.0,106920.0,0.5324133029665489,0.5367853679142278,3000.0,7.345909273750408e+18,1182.0897408357182,5492.111415982544,2.055245,3.339505,0.53313536,0.001464640000000017,,,,,,,,,,,,,,,,,,,,,,,,,,,,,,,,,,
P1_validate_simulators,I,event_bernoulli,0.4,10,600s × 10,,,strict,0.290555,a2e0821,600.0,6000.0,6000.0,5801.228768828478,10.0,10.0,200000.0,58111.0,0.2885692506221541,0.2925487949667389,6000.0,1.6987201981428457e+19,3255.243418254776,9423.129853269278,3.33763,6.66237,0.2906297772696198,7.47772696197968e-05,,,,,,,,,,,,,,,,,,,,,,,,,,,,,,,,,,
P1_validate_simulators,I,distribution,0.4,10,600s × 10,,,strict,0.291065,a2e0821,600.0,6000.0,6000.0,5801.228768828478,10.0,10.0,200000.0,58213.0,0.2890782112826384,0.29305981471519094,6000.0,3.5130952400294707e+18,3255.243418254776,9423.129853269278,3.677855,6.68286,0.2906297772696198,0.00043522273038021364,,,,,,,,,,,,,,,,,,,,,,,,,,,,,,,,,,
P1_validate_simulators,I,event_bernoulli,0.4,10,600s × 10,,,tie_win,0.37151,a2e0821,600.0,6000.0,6000.0,5801.228768828478,10.0,10.0,200000.0,74302.0,0.3693947716973386,0.37363016409829686,6000.0,4.0963391659563044e+18,3255.243418254776,9423.129853269278,3.334515,6.665485,0.3721840428308222,0.0006740428308221746,,,,,,,,,,,,,,,,,,,,,,,,,,,,,,,,,,
P1_validate_simulators,I,distribution,0.4,10,600s × 10,,,tie_win,0.372055,a2e0821,600.0,6000.0,6000.0,5801.228768828478,10.0,10.0,200000.0,74411.0,0.36993912755732516,0.37417578730276185,6000.0,1.8532716094549453e+18,3255.243418254776,9423.129853269278,3.690665,6.665995,0.3721840428308222,0.00012904283082215695,,,,,,,,,,,,,,,,,,,,,,,,,,,,,,,,,,
P2_policy_comparison,I,distribution,0.1,1,600s × 1,,,tie_win,0.201165,a2e0821,600.0,600.0,600.0,415.8883083359673,1.0,1.0,200000.0,40233.0,0.19941388440089458,0.20292759500208404,600.0,3.0784869967484836e+18,30.775976632530316,1797.439364132394,0.898885,0.112575,0.19999999999999998,,0.02435,0.195965,,,,,,,,,,,,,,,,,,,,,,,,,,,,,,,,
P2_policy_comparison,I,distribution,0.1,1,60s × 1,,,tie_win,0.201165,a2e0821,60.0,60.0,60.0,41.58883083359673,0.1,0.1,200000.0,40233.0,0.19941388440089458,0.20292759500208404,60.0,3.0784869967484836e+18,3.077597663253032,179.7439364132394,0.898885,0.112575,0.19999999999999998,,0.20008,0.2006,,,,,,,,,,,,,,,,,,,,,,,,,,,,,,,,
P2_policy_comparison,I,distribution,0.1,2,60s × 2,,,tie_win,0.05607,a2e0821,60.0,120.0,120.0,100.70081940099968,0.2,0.2,200000.0,11214.0,0.055070250078457,0.05708680298214257,120.0,2.7233439705164344e+18,21.321690641919716,284.6318711034346,1.78158,0.22252,0.055999999999999925,,0.05543,0.056795,,,,,,,,,,,,,,,,,,,,,,,,,,,,,,,,
P2_policy_comparison,I,distribution,0.1,3,60s × 3,,,tie_win,0.017125,a2e0821,60.0,180.0,180.0,160.44361882341371,0.30000000000000004,0.30000000000000004,200000.0,3425.0,0.016565616579903478,0.017702932508099165,180.0,1.4173646367853623e+19,49.0614868298372,377.7476173123193,2.66994,0.331485,0.017119999999999906,,0.01563,0.016885,,,,,,,,,,,,,,,,,,,,,,,,,,,,,,,,
P2_policy_comparison,I,distribution,0.1,5,60s × 5,,,tie_win,0.001725,a2e0821,60.0,300.0,300.0,280.25453296775913,0.5,0.5,200000.0,345.0,0.0015524539267329019,0.001916686734565601,300.0,8.470817562468984e+18,118.20897408357182,549.2111415982544,4.44306,0.557145,0.0017818400000000187,,0.00102,0.00182,,,,,,,,,,,,,,,,,,,,,,,,,,,,,,,,
P2_policy_comparison,I,distribution,0.1,10,60s × 10,,,tie_win,1e-05,a2e0821,60.0,600.0,600.0,580.1228768828478,1.0,1.0,200000.0,2.0,2.7423649747610273e-06,3.646417607714484e-05,600.0,1.59739291304997e+19,325.52434182547756,942.3129853269278,8.88994,1.11006,7.859764652798608e-06,,0.0,2e-05,,,,,,,,,,,,,,,,,,,,,,,,,,,,,,,,
P3_decomposition,I,analytical_decomposition,0.1,1,600s × 1,,,tie_win,0.09999999999999995,a2e0821,,,,,,,,,,,,,,,,,,,,,1.0,0.8999999999999995,0.11111111111111112,,,,,,,,,,,,,,,,,,,,,,,,,,,,,
P3_decomposition,I,analytical_decomposition,0.1,1,600s × 1,,,tie_win,0.09,a2e0821,,,,,,,,,,,,,,,,,,,,,0.0,0.09,1.0,,,,,,,,,,,,,,,,,,,,,,,,,,,,,
P3_decomposition,I,analytical_decomposition,0.1,1,600s × 1,,,tie_win,0.009999999999999995,a2e0821,,,,,,,,,,,,,,,,,,,,,-1.0,0.009999999999999995,1.0,,,,,,,,,,,,,,,,,,,,,,,,,,,,,
P3_decomposition,I,analytical_decomposition,0.1,1,60s × 1,,,tie_win,0.09999999999999995,a2e0821,,,,,,,,,,,,,,,,,,,,,1.0,0.8999999999999995,0.11111111111111112,,,,,,,,,,,,,,,,,,,,,,,,,,,,,
P3_decomposition,I,analytical_decomposition,0.1,1,60s × 1,,,tie_win,0.09,a2e0821,,,,,,,,,,,,,,,,,,,,,0.0,0.09,1.0,,,,,,,,,,,,,,,,,,,,,,,,,,,,,
P3_decomposition,I,analytical_decomposition,0.1,1,60s × 1,,,tie_win,0.009999999999999995,a2e0821,,,,,,,,,,,,,,,,,,,,,-1.0,0.009999999999999995,1.0,,,,,,,,,,,,,,,,,,,,,,,,,,,,,
P3_decomposition,I,analytical_decomposition,0.1,2,60s × 2,,,tie_win,0.009999999999999998,a2e0821,,,,,,,,,,,,,,,,,,,,,2.0,0.8099999999999998,0.01234567901234568,,,,,,,,,,,,,,,,,,,,,,,,,,,,,
P3_decomposition,I,analytical_decomposition,0.1,2,60s × 2,,,tie_win,0.018,a2e0821,,,,,,,,,,,,,,,,,,,,,1.0,0.16199999999999998,0.11111111111111112,,,,,,,,,,,,,,,,,,,,,,,,,,,,,
P3_decomposition,I,analytical_decomposition,0.1,2,60s × 2,,,tie_win,0.024300000000000002,a2e0821,,,,,,,,,,,,,,,,,,,,,0.0,0.024300000000000002,1.0,,,,,,,,,,,,,,,,,,,,,,,,,,,,,
P3_decomposition,I,analytical_decomposition,0.1,2,60s × 2,,,tie_win,0.003699999999999997,a2e0821,,,,,,,,,,,,,,,,,,,,,-1.0,0.003699999999999997,1.0,,,,,,,,,,,,,,,,,,,,,,,,,,,,,
P3_decomposition,I,analytical_decomposition,0.1,3,60s × 3,,,tie_win,0.0010000000000000005,a2e0821,,,,,,,,,,,,,,,,,,,,,3.0,0.7290000000000002,0.0013717421124828536,,,,,,,,,,,,,,,,,,,,,,,,,,,,,
P3_decomposition,I,analytical_decomposition,0.1,3,60s × 3,,,tie_win,0.002700000000000001,a2e0821,,,,,,,,,,,,,,,,,,,,,2.0,0.21870000000000006,0.01234567901234568,,,,,,,,,,,,,,,,,,,,,,,,,,,,,
P3_decomposition,I,analytical_decomposition,0.1,3,60s × 3,,,tie_win,0.00486,a2e0821,,,,,,,,,,,,,,,,,,,,,1.0,0.043739999999999994,0.11111111111111112,,,,,,,,,,,,,,,,,,,,,,,,,,,,,
P3_decomposition,I,analytical_decomposition,0.1,3,60s × 3,,,tie_win,0.007289999999999998,a2e0821,,,,,,,,,,,,,,,,,,,,,0.0,0.007289999999999998,1.0,,,,,,,,,,,,,,,,,,,,,,,,,,,,,
P3_decomposition,I,analytical_decomposition,0.1,3,60s × 3,,,tie_win,0.0012699999999999988,a2e0821,,,,,,,,,,,,,,,,,,,,,-1.0,0.0012699999999999988,1.0,,,,,,,,,,,,,,,,,,,,,,,,,,,,,
P3_decomposition,I,analytical_decomposition,0.1,5,60s × 5,,,tie_win,1e-05,a2e0821,,,,,,,,,,,,,,,,,,,,,5.0,0.5904899999999998,1.6935087808430292e-05,,,,,,,,,,,,,,,,,,,,,,,,,,,,,
P3_decomposition,I,analytical_decomposition,0.1,5,60s × 5,,,tie_win,4.4999999999999996e-05,a2e0821,,,,,,,,,,,,,,,,,,,,,4.0,0.2952449999999999,0.0001524157902758726,,,,,,,,,,,,,,,,,,,,,,,,,,,,,
P3_decomposition,I,analytical_decomposition,0.1,5,60s × 5,,,tie_win,0.00012150000000000003,a2e0821,,,,,,,,,,,,,,,,,,,,,3.0,0.0885735,0.0013717421124828536,,,,,,,,,,,,,,,,,,,,,,,,,,,,,
P3_decomposition,I,analytical_decomposition,0.1,5,60s × 5,,,tie_win,0.0002551499999999998,a2e0821,,,,,,,,,,,,,,,,,,,,,2.0,0.02066714999999998,0.01234567901234568,,,,,,,,,,,,,,,,,,,,,,,,,,,,,
P3_decomposition,I,analytical_decomposition,0.1,5,60s × 5,,,tie_win,0.0004592699999999997,a2e0821,,,,,,,,,,,,,,,,,,,,,1.0,0.004133429999999997,0.11111111111111112,,,,,,,,,,,,,,,,,,,,,,,,,,,,,
P3_decomposition,I,analytical_decomposition,0.1,5,60s × 5,,,tie_win,0.0007440173999999993,a2e0821,,,,,,,,,,,,,,,,,,,,,0.0,0.0007440173999999993,1.0,,,,,,,,,,,,,,,,,,,,,,,,,,,,,
P3_decomposition,I,analytical_decomposition,0.1,5,60s × 5,,,tie_win,0.00014690259999999982,a2e0821,,,,,,,,,,,,,,,,,,,,,-1.0,0.00014690259999999982,1.0,,,,,,,,,,,,,,,,,,,,,,,,,,,,,
P3_decomposition,I,analytical_decomposition,0.1,10,60s × 10,,,tie_win,1.0000000000000006e-10,a2e0821,,,,,,,,,,,,,,,,,,,,,10.0,0.34867844009999993,2.8679719907924434e-10,,,,,,,,,,,,,,,,,,,,,,,,,,,,,
P3_decomposition,I,analytical_decomposition,0.1,10,60s × 10,,,tie_win,9.000000000000005e-10,a2e0821,,,,,,,,,,,,,,,,,,,,,9.0,0.3486784401,2.5811747917131987e-09,,,,,,,,,,,,,,,,,,,,,,,,,,,,,
P3_decomposition,I,analytical_decomposition,0.1,10,60s × 10,,,tie_win,4.455000000000004e-09,a2e0821,,,,,,,,,,,,,,,,,,,,,8.0,0.1917731420550001,2.3230573125418786e-08,,,,,,,,,,,,,,,,,,,,,,,,,,,,,
P3_decomposition,I,analytical_decomposition,0.1,10,60s × 10,,,tie_win,1.6037999999999994e-08,a2e0821,,,,,,,,,,,,,,,,,,,,,7.0,0.07670925682199993,2.0907515812876907e-07,,,,,,,,,,,,,,,,,,,,,,,,,,,,,
P3_decomposition,I,analytical_decomposition,0.1,10,60s × 10,,,tie_win,4.691115000000009e-08,a2e0821,,,,,,,,,,,,,,,,,,,,,6.0,0.024930508467150038,1.8816764231589214e-06,,,,,,,,,,,,,,,,,,,,,,,,,,,,,
P3_decomposition,I,analytical_decomposition,0.1,10,60s × 10,,,tie_win,1.1821609799999999e-07,a2e0821,,,,,,,,,,,,,,,,,,,,,5.0,0.006980542370801997,1.6935087808430292e-05,,,,,,,,,,,,,,,,,,,,,,,,,,,,,
P3_decomposition,I,analytical_decomposition,0.1,10,60s × 10,,,tie_win,2.659862204999996e-07,a2e0821,,,,,,,,,,,,,,,,,,,,,4.0,0.001745135592700497,0.0001524157902758726,,,,,,,,,,,,,,,,,,,,,,,,,,,,,
P3_decomposition,I,analytical_decomposition,0.1,10,60s × 10,,,tie_win,5.471716535999997e-07,a2e0821,,,,,,,,,,,,,,,,,,,,,3.0,0.0003988881354743997,0.0013717421124828536,,,,,,,,,,,,,,,,,,,,,,,,,,,,,
P3_decomposition,I,analytical_decomposition,0.1,10,60s × 10,,,tie_win,1.046465787509998e-06,a2e0821,,,,,,,,,,,,,,,,,,,,,2.0,8.476372878830984e-05,0.01234567901234568,,,,,,,,,,,,,,,,,,,,,,,,,,,,,
P3_decomposition,I,analytical_decomposition,0.1,10,60s × 10,,,tie_win,1.8836384175180009e-06,a2e0821,,,,,,,,,,,,,,,,,,,,,1.0,1.6952745757662007e-05,0.11111111111111112,,,,,,,,,,,,,,,,,,,,,,,,,,,,,
P3_decomposition,I,analytical_decomposition,0.1,10,60s × 10,,,tie_win,3.2210216939557704e-06,a2e0821,,,,,,,,,,,,,,,,,,,,,0.0,3.2210216939557704e-06,1.0,,,,,,,,,,,,,,,,,,,,,,,,,,,,,
P3_decomposition,I,analytical_decomposition,0.1,10,60s × 10,,,tie_win,7.088606331722185e-07,a2e0821,,,,,,,,,,,,,,,,,,,,,-1.0,7.088606331722185e-07,1.0,,,,,,,,,,,,,,,,,,,,,,,,,,,,,
P4_interval_comparison,I,distribution,0.1,1,600s × 1,,,tie_win,0.198955,a2e0821,600.0,600.0,600.0,415.8883083359673,1.0,1.0,200000.0,39791.0,0.19721118855393446,0.20071037574365344,600.0,1.843071214439684e+19,30.775976632530316,1797.439364132394,0.900885,0.11005,0.19999999999999998,,,,,,,,,,,,,,,,,,,,,,,,,,,,,,,,,,,
P4_interval_comparison,I,distribution,0.1,1,60s × 1,,,tie_win,0.198955,a2e0821,60.0,60.0,60.0,41.58883083359673,0.1,0.1,200000.0,39791.0,0.19721118855393446,0.20071037574365344,60.0,1.843071214439684e+19,3.077597663253032,179.7439364132394,0.900885,0.11005,0.19999999999999998,,,,,,,,,,,,,,,,,,,,,,,,,,,,,,,,,,,
P4_interval_comparison,I,distribution,0.1,2,600s × 2,,,tie_win,0.0553,a2e0821,600.0,1200.0,1200.0,1007.0081940099967,2.0,2.0,200000.0,11060.0,0.05430680312463551,0.056310279514628844,1200.0,1.6009365490296089e+19,213.21690641919716,2846.318711034346,1.782855,0.22116,0.055999999999999925,,,,,,,,,,,,,,,,,,,,,,,,,,,,,,,,,,,
P4_interval_comparison,I,distribution,0.1,2,60s × 2,,,tie_win,0.0553,a2e0821,60.0,120.0,120.0,100.70081940099968,0.2,0.2,200000.0,11060.0,0.05430680312463551,0.056310279514628844,120.0,1.6009365490296089e+19,21.321690641919716,284.6318711034346,1.782855,0.22116,0.055999999999999925,,,,,,,,,,,,,,,,,,,,,,,,,,,,,,,,,,,
P4_interval_comparison,I,distribution,0.1,3,600s × 3,,,tie_win,0.016725,a2e0821,600.0,1800.0,1800.0,1604.436188234137,3.0,3.0,200000.0,3345.0,0.016172188538503843,0.01729637591503895,1800.0,1.4925830109142112e+19,490.614868298372,3777.476173123193,2.66929,0.33213,0.017119999999999906,,,,,,,,,,,,,,,,,,,,,,,,,,,,,,,,,,,
P4_interval_comparison,I,distribution,0.1,3,60s × 3,,,tie_win,0.016725,a2e0821,60.0,180.0,180.0,160.44361882341371,0.30000000000000004,0.30000000000000004,200000.0,3345.0,0.016172188538503843,0.01729637591503895,180.0,1.4925830109142112e+19,49.0614868298372,377.7476173123193,2.66929,0.33213,0.017119999999999906,,,,,,,,,,,,,,,,,,,,,,,,,,,,,,,,,,,
P4_interval_comparison,I,distribution,0.1,5,600s × 5,,,tie_win,0.001705,a2e0821,600.0,3000.0,3000.0,2802.5453296775913,5.0,5.0,200000.0,341.0,0.0015335083746407898,0.0018956330549347205,3000.0,3.8979880619998843e+18,1182.0897408357182,5492.111415982544,4.443025,0.55709,0.0017818400000000187,,,,,,,,,,,,,,,,,,,,,,,,,,,,,,,,,,,
P4_interval_comparison,I,distribution,0.1,5,60s × 5,,,tie_win,0.001705,a2e0821,60.0,300.0,300.0,280.25453296775913,0.5,0.5,200000.0,341.0,0.0015335083746407898,0.0018956330549347205,300.0,3.8979880619998843e+18,118.20897408357182,549.2111415982544,4.443025,0.55709,0.0017818400000000187,,,,,,,,,,,,,,,,,,,,,,,,,,,,,,,,,,,
P4_interval_comparison,I,distribution,0.1,10,600s × 10,,,tie_win,5e-06,a2e0821,600.0,6000.0,6000.0,5801.228768828478,10.0,10.0,200000.0,1.0,8.826233199317767e-07,2.832410980122599e-05,6000.0,8.801243249132127e+18,3255.243418254776,9423.129853269278,8.890915,1.109085,7.859764652798608e-06,,,,,,,,,,,,,,,,,,,,,,,,,,,,,,,,,,,
P4_interval_comparison,I,distribution,0.1,10,60s × 10,,,tie_win,5e-06,a2e0821,60.0,600.0,600.0,580.1228768828478,1.0,1.0,200000.0,1.0,8.826233199317767e-07,2.832410980122599e-05,600.0,8.801243249132127e+18,325.52434182547756,942.3129853269278,8.890915,1.109085,7.859764652798608e-06,,,,,,,,,,,,,,,,,,,,,,,,,,,,,,,,,,,
P5_coinbase_claim,I,doublespend_break_even,0.1,1,,,,,0.1,a2e0821,,,,,,,,,,,,,,,,,,,,,,,,0.0,0.0,,,,,,,,,,,,,,,,,,,,,,,,,,,
P5_coinbase_claim,I,doublespend_break_even,0.1,2,,,,,0.028000000000000008,a2e0821,,,,,,,,,,,,,,,,,,,,,,,,35.71428571428571,1.0,,,,,,,,,,,,,,,,,,,,,,,,,,,
P5_coinbase_claim,I,doublespend_break_even,0.1,3,,,,,0.008560000000000002,a2e0821,,,,,,,,,,,,,,,,,,,,,,,,233.64485981308405,2.0,,,,,,,,,,,,,,,,,,,,,,,,,,,
P5_coinbase_claim,I,doublespend_break_even,0.1,4,,,,,0.0027280000000000004,a2e0821,,,,,,,,,,,,,,,,,,,,,,,,1099.706744868035,3.0,,,,,,,,,,,,,,,,,,,,,,,,,,,
P5_coinbase_claim,I,doublespend_break_even,0.1,5,,,,,0.0008909200000000001,a2e0821,,,,,,,,,,,,,,,,,,,,,,,,4489.740941947649,4.0,,,,,,,,,,,,,,,,,,,,,,,,,,,
P5_coinbase_claim,I,doublespend_break_even,0.1,10,,,,,3.929882327128003e-06,a2e0821,,,,,,,,,,,,,,,,,,,,,,,,2290144.907869872,9.0,,,,,,,,,,,,,,,,,,,,,,,,,,,
P5_coinbase_claim,I,sniping_break_even,0.1,1,,,,,0.010000000000000002,a2e0821,,,,,,,,,,,,,,,,,,,,,,,,197.99999999999997,,1.0,1.0,,,,,,,,,,,,,,,,,,,,,,,,,
P5_coinbase_claim,I,sniping_break_even,0.1,2,,,,,0.0037000000000000006,a2e0821,,,,,,,,,,,,,,,,,,,,,,,,807.8108108108106,,1.0,2.0,,,,,,,,,,,,,,,,,,,,,,,,,
P5_coinbase_claim,I,sniping_break_even,0.1,2,,,,,0.0004600000000000001,a2e0821,,,,,,,,,,,,,,,,,,,,,,,,8691.65217391304,,2.0,2.0,,,,,,,,,,,,,,,,,,,,,,,,,
P5_coinbase_claim,I,sniping_break_even,0.1,3,,,,,0.00017650000000000003,a2e0821,,,,,,,,,,,,,,,,,,,,,,,,28323.611898016992,,2.0,3.0,,,,,,,,,,,,,,,,,,,,,,,,,
P5_coinbase_claim,I,sniping_break_even,0.1,5,,,,,3.4135300000000013e-06,a2e0821,,,,,,,,,,,,,,,,,,,,,,,,2343606.967496989,,3.0,5.0,,,,,,,,,,,,,,,,,,,,,,,,,
P5_coinbase_claim,I,sniping_break_even,0.1,10,,,,,5.399429695596105e-10,a2e0821,,,,,,,,,,,,,,,,,,,,,,,,27780711737.269566,,5.0,10.0,,,,,,,,,,,,,,,,,,,,,,,,,
P6_equal_chainwork,I,distribution,0.1,1,600s × 1,,,tie_win,0.201175,a2e0821,600.0,600.0,600.0,415.8883083359673,1.0,1.0,200000.0,40235.0,0.19942385153998884,0.20293762747885122,600.0,1.3064359187441746e+19,30.775976632530316,1797.439364132394,0.899465,0.11188,0.19999999999999998,,,,,,,,,,,1x600s vs 10x60s,,,,,,,,,,,,,,,,,,,,,,,,
P6_equal_chainwork,I,distribution,0.1,10,60s × 10,,,tie_win,5e-06,a2e0821,60.0,600.0,600.0,580.1228768828478,1.0,1.0,200000.0,1.0,8.826233199317767e-07,2.832410980122599e-05,600.0,8.412160809290169e+18,325.52434182547756,942.3129853269278,8.89057,1.10943,7.859764652798608e-06,,,,,,,,,,,1x600s vs 10x60s,,,,,,,,,,,,,,,,,,,,,,,,
P6_equal_chainwork,I,distribution,0.1,2,600s × 2,,,tie_win,0.05569,a2e0821,600.0,1200.0,1200.0,1007.0081940099967,2.0,2.0,200000.0,11138.0,0.05469347731741068,0.05670359034045204,1200.0,2.2716871689665487e+18,213.21690641919716,2846.318711034346,1.782855,0.221355,0.055999999999999925,,,,,,,,,,,2x600s vs 20x60s,,,,,,,,,,,,,,,,,,,,,,,,
P6_equal_chainwork,I,distribution,0.1,20,60s × 20,,,tie_win,0.0,a2e0821,60.0,1200.0,1200.0,1180.0603453983404,2.0,2.0,200000.0,0.0,0.0,1.920692519040967e-05,1200.0,1.2304901249726724e+19,795.2790959007933,1672.7543783666106,17.777495,2.222505,2.0678015849415386e-10,,,,,,,,,,,2x600s vs 20x60s,,,,,,,,,,,,,,,,,,,,,,,,
P6_equal_chainwork,I,distribution,0.1,3,600s × 3,,,tie_win,0.01652,a2e0821,600.0,1800.0,1800.0,1604.436188234137,3.0,3.0,200000.0,3304.0,0.01597058869028012,0.017087983638102,1800.0,1.4381499822723856e+19,490.614868298372,3777.476173123193,2.671375,0.33005,0.017119999999999906,,,,,,,,,,,3x600s vs 30x60s,,,,,,,,,,,,,,,,,,,,,,,,
P6_equal_chainwork,I,distribution,0.1,30,60s × 30,,,tie_win,0.0,a2e0821,60.0,1800.0,1800.0,1780.0399882932738,3.0,3.0,200000.0,0.0,0.0,1.920692519040967e-05,1800.0,1.298101783593723e+18,1295.638753619693,2372.4583346354625,26.66694,3.33306,2.439515757280591e-15,,,,,,,,,,,3x600s vs 30x60s,,,,,,,,,,,,,,,,,,,,,,,,
P7_equal_elapsed_time,I,finite_horizon,0.1,1,"1 conf, 600s",,,tie_win,0.00041,a2e0821,600.0,,,,,,200000.0,82.0,0.0003303561012696571,0.0005088350742420965,,1.4423854930573855e+19,,,,,,,,,,,,,,,,,60.0,0.1,0.099625,0.1,,,,,,,,,,,,,,,,,,,,
P7_equal_elapsed_time,I,finite_horizon,0.1,1,"1 conf, 60s",,,tie_win,0.02451,a2e0821,60.0,,,,,,200000.0,4902.0,0.023841410949339528,0.025196854452378053,,1.4423854930573855e+19,,,,,,,,,,,,,,,,,60.0,1.0,0.998205,0.1,,,,,,,,,,,,,,,,,,,,
P7_equal_elapsed_time,I,finite_horizon,0.1,1,"1 conf, 600s",,,tie_win,0.00161,a2e0821,600.0,,,,,,200000.0,322.0,0.001443603801320912,0.0017955412775703848,,1.0509996098126363e+19,,,,,,,,,,,,,,,,,120.0,0.2,0.19937,0.2,,,,,,,,,,,,,,,,,,,,
P7_equal_elapsed_time,I,finite_horizon,0.1,1,"1 conf, 60s",,,tie_win,0.112985,a2e0821,60.0,,,,,,200000.0,22597.0,0.1116050035223589,0.11437986321394623,,1.0509996098126363e+19,,,,,,,,,,,,,,,,,120.0,2.0,2.005875,0.2,,,,,,,,,,,,,,,,,,,,
P7_equal_elapsed_time,I,finite_horizon,0.1,1,"1 conf, 600s",,,tie_win,0.003295,a2e0821,600.0,,,,,,200000.0,659.0,0.003053205133672971,0.003555875217880435,,1.4260906792356559e+19,,,,,,,,,,,,,,,,,180.0,0.3,0.300045,0.3,,,,,,,,,,,,,,,,,,,,
P7_equal_elapsed_time,I,finite_horizon,0.1,1,"1 conf, 60s",,,tie_win,0.155595,a2e0821,60.0,,,,,,200000.0,31119.0,0.15401304661569473,0.15719018330644574,,1.4260906792356559e+19,,,,,,,,,,,,,,,,,180.0,3.0,3.000955,0.30000000000000004,,,,,,,,,,,,,,,,,,,,
P7_equal_elapsed_time,I,finite_horizon,0.1,1,"1 conf, 600s",,,tie_win,0.0082,a2e0821,600.0,,,,,,200000.0,1640.0,0.007814104924198222,0.008604787007419068,,4.1641081904793876e+18,,,,,,,,,,,,,,,,,300.0,0.5,0.500675,0.5,,,,,,,,,,,,,,,,,,,,
P7_equal_elapsed_time,I,finite_horizon,0.1,1,"1 conf, 60s",,,tie_win,0.191025,a2e0821,60.0,,,,,,200000.0,38205.0,0.18930809760547906,0.19275377131394236,,4.1641081904793876e+18,,,,,,,,,,,,,,,,,300.0,5.0,4.999095,0.5,,,,,,,,,,,,,,,,,,,,
P7_equal_elapsed_time,I,finite_horizon,0.1,1,"1 conf, 600s",,,tie_win,0.02443,a2e0821,600.0,,,,,,200000.0,4886.0,0.02376249146202187,0.02511577701280374,,3.1389907907024384e+17,,,,,,,,,,,,,,,,,600.0,1.0,0.998385,1.0,,,,,,,,,,,,,,,,,,,,
P7_equal_elapsed_time,I,finite_horizon,0.1,1,"1 conf, 60s",,,tie_win,0.20014,a2e0821,60.0,,,,,,200000.0,40028.0,0.19839226168220683,0.20189925709496842,,3.1389907907024384e+17,,,,,,,,,,,,,,,,,600.0,10.0,10.005335,1.0,,,,,,,,,,,,,,,,,,,,
P7_equal_elapsed_time,I,finite_horizon,0.1,1,"1 conf, 600s",,,tie_win,0.077415,a2e0821,600.0,,,,,,200000.0,15483.0,0.07625185172498679,0.07859438139197639,,1.5591544158276938e+19,,,,,,,,,,,,,,,,,900.0,1.5,1.501995,1.5,,,,,,,,,,,,,,,,,,,,
P7_equal_elapsed_time,I,finite_horizon,0.1,1,"1 conf, 60s",,,tie_win,0.20039,a2e0821,60.0,,,,,,200000.0,40078.0,0.1986414363019215,0.20215007287179115,,1.5591544158276938e+19,,,,,,,,,,,,,,,,,900.0,15.0,14.979455,1.5,,,,,,,,,,,,,,,,,,,,
P7_equal_elapsed_time,I,finite_horizon,0.1,1,"1 conf, 600s",,,tie_win,0.11265,a2e0821,600.0,,,,,,200000.0,22530.0,0.1112718066762308,0.11404307292871421,,9.46701001865472e+18,,,,,,,,,,,,,,,,,1200.0,2.0,1.99714,2.0,,,,,,,,,,,,,,,,,,,,
P7_equal_elapsed_time,I,finite_horizon,0.1,1,"1 conf, 60s",,,tie_win,0.198395,a2e0821,60.0,,,,,,200000.0,39679.0,0.19665305269464878,0.20014853311469533,,9.46701001865472e+18,,,,,,,,,,,,,,,,,1200.0,20.0,20.00372,2.0,,,,,,,,,,,,,,,,,,,,
P7_equal_elapsed_time,I,finite_horizon,0.1,1,"1 conf, 600s",,,tie_win,0.15445,a2e0821,600.0,,,,,,200000.0,30890.0,0.15287285153895055,0.15604042236704857,,6.232833926540319e+18,,,,,,,,,,,,,,,,,1800.0,3.0,3.00099,3.0,,,,,,,,,,,,,,,,,,,,
P7_equal_elapsed_time,I,finite_horizon,0.1,1,"1 conf, 60s",,,tie_win,0.199625,a2e0821,60.0,,,,,,200000.0,39925.0,0.19787896533680957,0.2013825732234986,,6.232833926540319e+18,,,,,,,,,,,,,,,,,1800.0,30.0,29.99781,3.0,,,,,,,,,,,,,,,,,,,,
P7_equal_elapsed_time,I,finite_horizon,0.1,1,"1 conf, 600s",,,tie_win,0.196315,a2e0821,600.0,,,,,,200000.0,39263.0,0.19458002421369475,0.19806164149645816,,3.585666423625254e+18,,,,,,,,,,,,,,,,,3600.0,6.0,5.99775,6.0,,,,,,,,,,,,,,,,,,,,
P7_equal_elapsed_time,I,finite_horizon,0.1,1,"1 conf, 60s",,,tie_win,0.200055,a2e0821,60.0,,,,,,200000.0,40011.0,0.19830754255496594,0.20181397948738658,,3.585666423625254e+18,,,,,,,,,,,,,,,,,3600.0,60.0,60.01991,6.0,,,,,,,,,,,,,,,,,,,,
P8_frontier,I,distribution,0.05,1,600s × 1,,,tie_win,0.100585,a2e0821,600.0,600.0,600.0,415.8883083359673,1.0,1.0,200000.0,20117.0,0.09927446654713164,0.1019108765209182,600.0,1.7701625829723503e+19,30.775976632530316,1797.439364132394,0.95035,0.052105,0.10000000000000005,,,,,,,,,,,,,,,,600s,,,,,,,,,,,,,,,,,,,
P8_frontier,I,distribution,0.05,2,600s × 2,,,tie_win,0.014435,a2e0821,600.0,1200.0,1200.0,1007.0081940099967,2.0,2.0,200000.0,2887.0,0.013921509979807319,0.014967142441452846,1200.0,9.28528323643065e+18,213.21690641919716,2846.318711034346,1.896055,0.104365,0.01449999999999998,,,,,,,,,,,,,,,,600s,,,,,,,,,,,,,,,,,,,
P8_frontier,I,distribution,0.05,3,600s × 3,,,tie_win,0.00237,a2e0821,600.0,1800.0,1800.0,1604.436188234137,3.0,3.0,200000.0,474.0,0.002166241549043268,0.0025928743353217398,1800.0,1.128585936706213e+19,490.614868298372,3777.476173123193,2.843145,0.15696,0.0023162500000002326,,,,,,,,,,,,,,,,600s,,,,,,,,,,,,,,,,,,,
P8_frontier,I,distribution,0.05,5,600s × 5,,,tie_win,7.5e-05,a2e0821,600.0,3000.0,3000.0,2802.5453296775913,5.0,5.0,200000.0,15.0,4.5453456606938166e-05,0.00012375058754469294,3000.0,8.012539895273757e+18,1182.0897408357182,5492.111415982544,4.735935,0.264075,6.644441406286355e-05,,,,,,,,,,,,,,,,600s,,,,,,,,,,,,,,,,,,,
P8_frontier,I,distribution,0.05,10,600s × 10,,,tie_win,0.0,a2e0821,600.0,6000.0,6000.0,5801.228768828478,10.0,10.0,200000.0,0.0,0.0,1.920692519040967e-05,6000.0,6.153711903115443e+18,3255.243418254776,9423.129853269278,9.474195,0.525805,1.1878677858219526e-08,,,,,,,,,,,,,,,,600s,,,,,,,,,,,,,,,,,,,
P8_frontier,I,distribution,0.05,1,60s × 1,,,tie_win,0.100585,a2e0821,60.0,60.0,60.0,41.58883083359673,0.1,0.1,200000.0,20117.0,0.09927446654713164,0.1019108765209182,60.0,1.7701625829723503e+19,3.077597663253032,179.7439364132394,0.95035,0.052105,0.10000000000000005,,,,,,,,,,,,,,,,60s,,,,,,,,,,,,,,,,,,,
P8_frontier,I,distribution,0.05,2,60s × 2,,,tie_win,0.014435,a2e0821,60.0,120.0,120.0,100.70081940099968,0.2,0.2,200000.0,2887.0,0.013921509979807319,0.014967142441452846,120.0,9.28528323643065e+18,21.321690641919716,284.6318711034346,1.896055,0.104365,0.01449999999999998,,,,,,,,,,,,,,,,60s,,,,,,,,,,,,,,,,,,,
P8_frontier,I,distribution,0.05,3,60s × 3,,,tie_win,0.00237,a2e0821,60.0,180.0,180.0,160.44361882341371,0.30000000000000004,0.30000000000000004,200000.0,474.0,0.002166241549043268,0.0025928743353217398,180.0,1.128585936706213e+19,49.0614868298372,377.7476173123193,2.843145,0.15696,0.0023162500000002326,,,,,,,,,,,,,,,,60s,,,,,,,,,,,,,,,,,,,
P8_frontier,I,distribution,0.05,5,60s × 5,,,tie_win,7.5e-05,a2e0821,60.0,300.0,300.0,280.25453296775913,0.5,0.5,200000.0,15.0,4.5453456606938166e-05,0.00012375058754469294,300.0,8.012539895273757e+18,118.20897408357182,549.2111415982544,4.735935,0.264075,6.644441406286355e-05,,,,,,,,,,,,,,,,60s,,,,,,,,,,,,,,,,,,,
P8_frontier,I,distribution,0.05,10,60s × 10,,,tie_win,0.0,a2e0821,60.0,600.0,600.0,580.1228768828478,1.0,1.0,200000.0,0.0,0.0,1.920692519040967e-05,600.0,6.153711903115443e+18,325.52434182547756,942.3129853269278,9.474195,0.525805,1.1878677858219526e-08,,,,,,,,,,,,,,,,60s,,,,,,,,,,,,,,,,,,,
P8_frontier,I,distribution,0.1,1,600s × 1,,,tie_win,0.199575,a2e0821,600.0,600.0,600.0,415.8883083359673,1.0,1.0,200000.0,39915.0,0.19782913098227206,0.20133240949872863,600.0,9.692801428199115e+18,30.775976632530316,1797.439364132394,0.900935,0.110085,0.19999999999999998,,,,,,,,,,,,,,,,600s,,,,,,,,,,,,,,,,,,,
P8_frontier,I,distribution,0.1,2,600s × 2,,,tie_win,0.05619,a2e0821,600.0,1200.0,1200.0,1007.0081940099967,2.0,2.0,200000.0,11238.0,0.05518923365544753,0.05720781479548999,1200.0,3.824143521360742e+18,213.21690641919716,2846.318711034346,1.78276,0.22169,0.055999999999999925,,,,,,,,,,,,,,,,600s,,,,,,,,,,,,,,,,,,,
P8_frontier,I,distribution,0.1,3,600s × 3,,,tie_win,0.017045,a2e0821,600.0,1800.0,1800.0,1604.436188234137,3.0,3.0,200000.0,3409.0,0.01648692446235776,0.017621627698752914,1800.0,1.5584574199784559e+19,490.614868298372,3777.476173123193,2.668065,0.333465,0.017119999999999906,,,,,,,,,,,,,,,,600s,,,,,,,,,,,,,,,,,,,
P8_frontier,I,distribution,0.1,5,600s × 5,,,tie_win,0.00156,a2e0821,600.0,3000.0,3000.0,2802.5453296775913,5.0,5.0,200000.0,312.0,0.0013963461543115786,0.001742800845272237,3000.0,1.748962893081579e+19,1182.0897408357182,5492.111415982544,4.444515,0.5556,0.0017818400000000187,,,,,,,,,,,,,,,,600s,,,,,,,,,,,,,,,,,,,
P8_frontier,I,distribution,0.1,10,600s × 10,,,tie_win,1e-05,a2e0821,600.0,6000.0,6000.0,5801.228768828478,10.0,10.0,200000.0,2.0,2.7423649747610273e-06,3.646417607714484e-05,6000.0,1.2524729842151768e+19,3255.243418254776,9423.129853269278,8.888025,1.111975,7.859764652798608e-06,,,,,,,,,,,,,,,,600s,,,,,,,,,,,,,,,,,,,
P8_frontier,I,distribution,0.1,1,60s × 1,,,tie_win,0.199575,a2e0821,60.0,60.0,60.0,41.58883083359673,0.1,0.1,200000.0,39915.0,0.19782913098227206,0.20133240949872863,60.0,9.692801428199115e+18,3.077597663253032,179.7439364132394,0.900935,0.110085,0.19999999999999998,,,,,,,,,,,,,,,,60s,,,,,,,,,,,,,,,,,,,
P8_frontier,I,distribution,0.1,2,60s × 2,,,tie_win,0.05619,a2e0821,60.0,120.0,120.0,100.70081940099968,0.2,0.2,200000.0,11238.0,0.05518923365544753,0.05720781479548999,120.0,3.824143521360742e+18,21.321690641919716,284.6318711034346,1.78276,0.22169,0.055999999999999925,,,,,,,,,,,,,,,,60s,,,,,,,,,,,,,,,,,,,
P8_frontier,I,distribution,0.1,3,60s × 3,,,tie_win,0.017045,a2e0821,60.0,180.0,180.0,160.44361882341371,0.30000000000000004,0.30000000000000004,200000.0,3409.0,0.01648692446235776,0.017621627698752914,180.0,1.5584574199784559e+19,49.0614868298372,377.7476173123193,2.668065,0.333465,0.017119999999999906,,,,,,,,,,,,,,,,60s,,,,,,,,,,,,,,,,,,,
P8_frontier,I,distribution,0.1,5,60s × 5,,,tie_win,0.00156,a2e0821,60.0,300.0,300.0,280.25453296775913,0.5,0.5,200000.0,312.0,0.0013963461543115786,0.001742800845272237,300.0,1.748962893081579e+19,118.20897408357182,549.2111415982544,4.444515,0.5556,0.0017818400000000187,,,,,,,,,,,,,,,,60s,,,,,,,,,,,,,,,,,,,
P8_frontier,I,distribution,0.1,10,60s × 10,,,tie_win,1e-05,a2e0821,60.0,600.0,600.0,580.1228768828478,1.0,1.0,200000.0,2.0,2.7423649747610273e-06,3.646417607714484e-05,600.0,1.2524729842151768e+19,325.52434182547756,942.3129853269278,8.888025,1.111975,7.859764652798608e-06,,,,,,,,,,,,,,,,60s,,,,,,,,,,,,,,,,,,,
P8_frontier,I,distribution,0.2,1,600s × 1,,,tie_win,0.39849,a2e0821,600.0,600.0,600.0,415.8883083359673,1.0,1.0,200000.0,79698.0,0.39634629791477244,0.40063760147517974,600.0,9.770793939349348e+18,30.775976632530316,1797.439364132394,0.802225,0.247285,0.39999999999999997,,,,,,,,,,,,,,,,600s,,,,,,,,,,,,,,,,,,,
P8_frontier,I,distribution,0.2,2,600s × 2,,,tie_win,0.209495,a2e0821,600.0,1200.0,1200.0,1007.0081940099967,2.0,2.0,200000.0,41899.0,0.2077170917163672,0.2112840676992377,1200.0,2.5662229207133896e+18,213.21690641919716,2846.318711034346,1.53417,0.50217,0.208,,,,,,,,,,,,,,,,600s,,,,,,,,,,,,,,,,,,,
P8_frontier,I,distribution,0.2,3,600s × 3,,,tie_win,0.11592,a2e0821,600.0,1800.0,1800.0,1604.436188234137,3.0,3.0,200000.0,23184.0,0.11452436981110396,0.11733038418055028,1800.0,6.834314297053109e+18,490.614868298372,3777.476173123193,2.27432,0.7494,0.11583999999999987,,,,,,,,,,,,,,,,600s,,,,,,,,,,,,,,,,,,,
P8_frontier,I,distribution,0.2,5,600s × 5,,,tie_win,0.03936,a2e0821,600.0,3000.0,3000.0,2802.5453296775913,5.0,5.0,200000.0,7872.0,0.0385166108322045,0.040221084123834926,3000.0,1.3423497672070502e+19,1182.0897408357182,5492.111415982544,3.757875,1.251575,0.03916287999999953,,,,,,,,,,,,,,,,600s,,,,,,,,,,,,,,,,,,,
P8_frontier,I,distribution,0.2,10,600s × 10,,,tie_win,0.003175,a2e0821,600.0,6000.0,6000.0,5801.228768828478,10.0,10.0,200000.0,635.0,0.0029378049102917075,0.0034312800509237436,6000.0,2.7521263948197396e+18,3255.243418254776,9423.129853269278,7.498475,2.502495,0.003158241098331755,,,,,,,,,,,,,,,,600s,,,,,,,,,,,,,,,,,,,
P8_frontier,I,distribution,0.2,1,60s × 1,,,tie_win,0.39849,a2e0821,60.0,60.0,60.0,41.58883083359673,0.1,0.1,200000.0,79698.0,0.39634629791477244,0.40063760147517974,60.0,9.770793939349348e+18,3.077597663253032,179.7439364132394,0.802225,0.247285,0.39999999999999997,,,,,,,,,,,,,,,,60s,,,,,,,,,,,,,,,,,,,
P8_frontier,I,distribution,0.2,2,60s × 2,,,tie_win,0.209495,a2e0821,60.0,120.0,120.0,100.70081940099968,0.2,0.2,200000.0,41899.0,0.2077170917163672,0.2112840676992377,120.0,2.5662229207133896e+18,21.321690641919716,284.6318711034346,1.53417,0.50217,0.208,,,,,,,,,,,,,,,,60s,,,,,,,,,,,,,,,,,,,
P8_frontier,I,distribution,0.2,3,60s × 3,,,tie_win,0.11592,a2e0821,60.0,180.0,180.0,160.44361882341371,0.30000000000000004,0.30000000000000004,200000.0,23184.0,0.11452436981110396,0.11733038418055028,180.0,6.834314297053109e+18,49.0614868298372,377.7476173123193,2.27432,0.7494,0.11583999999999987,,,,,,,,,,,,,,,,60s,,,,,,,,,,,,,,,,,,,
P8_frontier,I,distribution,0.2,5,60s × 5,,,tie_win,0.03936,a2e0821,60.0,300.0,300.0,280.25453296775913,0.5,0.5,200000.0,7872.0,0.0385166108322045,0.040221084123834926,300.0,1.3423497672070502e+19,118.20897408357182,549.2111415982544,3.757875,1.251575,0.03916287999999953,,,,,,,,,,,,,,,,60s,,,,,,,,,,,,,,,,,,,
P8_frontier,I,distribution,0.2,10,60s × 10,,,tie_win,0.003175,a2e0821,60.0,600.0,600.0,580.1228768828478,1.0,1.0,200000.0,635.0,0.0029378049102917075,0.0034312800509237436,600.0,2.7521263948197396e+18,325.52434182547756,942.3129853269278,7.498475,2.502495,0.003158241098331755,,,,,,,,,,,,,,,,60s,,,,,,,,,,,,,,,,,,,
P8_frontier,I,distribution,0.3,1,600s × 1,,,tie_win,0.600925,a2e0821,600.0,600.0,600.0,415.8883083359673,1.0,1.0,200000.0,120185.0,0.5987768797947556,0.6030692432873949,600.0,4.223101680558147e+17,30.775976632530316,1797.439364132394,0.7002,0.42889,0.6000000000000001,,,,,,,,,,,,,,,,600s,,,,,,,,,,,,,,,,,,,
P8_frontier,I,distribution,0.3,2,600s × 2,,,tie_win,0.433145,a2e0821,600.0,1200.0,1200.0,1007.0081940099967,2.0,2.0,200000.0,86629.0,0.4309746750335953,0.4353178931243719,1200.0,1.3516381681663378e+18,213.21690641919716,2846.318711034346,1.27125,0.859645,0.43200000000000016,,,,,,,,,,,,,,,,600s,,,,,,,,,,,,,,,,,,,
P8_frontier,I,distribution,0.3,3,600s × 3,,,tie_win,0.329355,a2e0821,600.0,1800.0,1800.0,1604.436188234137,3.0,3.0,200000.0,65871.0,0.32729855869348,0.3314179964380182,1800.0,1.6962467554781209e+19,490.614868298372,3777.476173123193,1.826925,1.291055,0.3261600000000003,,,,,,,,,,,,,,,,600s,,,,,,,,,,,,,,,,,,,
P8_frontier,I,distribution,0.3,5,600s × 5,,,tie_win,0.196175,a2e0821,600.0,3000.0,3000.0,2802.5453296775913,5.0,5.0,200000.0,39235.0,0.19444049615719983,0.19792117493089212,3000.0,3.214904316511641e+18,1182.0897408357182,5492.111415982544,2.9419,2.14333,0.19761732000000035,,,,,,,,,,,,,,,,600s,,,,,,,,,,,,,,,,,,,
P8_frontier,I,distribution,0.3,10,600s × 10,,,tie_win,0.064685,a2e0821,600.0,6000.0,6000.0,5801.228768828478,10.0,10.0,200000.0,12937.0,0.06361535121938178,0.06577137090589676,6000.0,4.1267172925559526e+18,3255.243418254776,9423.129853269278,5.75164,4.282115,0.0651067137626013,,,,,,,,,,,,,,,,600s,,,,,,,,,,,,,,,,,,,
P8_frontier,I,distribution,0.3,1,60s × 1,,,tie_win,0.600925,a2e0821,60.0,60.0,60.0,41.58883083359673,0.1,0.1,200000.0,120185.0,0.5987768797947556,0.6030692432873949,60.0,4.223101680558147e+17,3.077597663253032,179.7439364132394,0.7002,0.42889,0.6000000000000001,,,,,,,,,,,,,,,,60s,,,,,,,,,,,,,,,,,,,
P8_frontier,I,distribution,0.3,2,60s × 2,,,tie_win,0.433145,a2e0821,60.0,120.0,120.0,100.70081940099968,0.2,0.2,200000.0,86629.0,0.4309746750335953,0.4353178931243719,120.0,1.3516381681663378e+18,21.321690641919716,284.6318711034346,1.27125,0.859645,0.43200000000000016,,,,,,,,,,,,,,,,60s,,,,,,,,,,,,,,,,,,,
P8_frontier,I,distribution,0.3,3,60s × 3,,,tie_win,0.329355,a2e0821,60.0,180.0,180.0,160.44361882341371,0.30000000000000004,0.30000000000000004,200000.0,65871.0,0.32729855869348,0.3314179964380182,180.0,1.6962467554781209e+19,49.0614868298372,377.7476173123193,1.826925,1.291055,0.3261600000000003,,,,,,,,,,,,,,,,60s,,,,,,,,,,,,,,,,,,,
P8_frontier,I,distribution,0.3,5,60s × 5,,,tie_win,0.196175,a2e0821,60.0,300.0,300.0,280.25453296775913,0.5,0.5,200000.0,39235.0,0.19444049615719983,0.19792117493089212,300.0,3.214904316511641e+18,118.20897408357182,549.2111415982544,2.9419,2.14333,0.19761732000000035,,,,,,,,,,,,,,,,60s,,,,,,,,,,,,,,,,,,,
P8_frontier,I,distribution,0.3,10,60s × 10,,,tie_win,0.064685,a2e0821,60.0,600.0,600.0,580.1228768828478,1.0,1.0,200000.0,12937.0,0.06361535121938178,0.06577137090589676,600.0,4.1267172925559526e+18,325.52434182547756,942.3129853269278,5.75164,4.282115,0.0651067137626013,,,,,,,,,,,,,,,,60s,,,,,,,,,,,,,,,,,,,
P8_frontier,I,distribution,0.4,1,600s × 1,,,tie_win,0.80073,a2e0821,600.0,600.0,600.0,415.8883083359673,1.0,1.0,200000.0,160146.0,0.7989735901518051,0.8024748576509699,600.0,7.111966157699079e+18,30.775976632530316,1797.439364132394,0.59967,0.668525,0.8,,,,,,,,,,,,,,,,600s,,,,,,,,,,,,,,,,,,,
P8_frontier,I,distribution,0.4,2,600s × 2,,,tie_win,0.705325,a2e0821,600.0,1200.0,1200.0,1007.0081940099967,2.0,2.0,200000.0,141065.0,0.7033230537186096,0.7073190589575609,1200.0,1.6999276821403265e+19,213.21690641919716,2846.318711034346,1.007195,1.33238,0.7040000000000002,,,,,,,,,,,,,,,,600s,,,,,,,,,,,,,,,,,,,
P8_frontier,I,distribution,0.4,3,600s × 3,,,tie_win,0.634975,a2e0821,600.0,1800.0,1800.0,1604.436188234137,3.0,3.0,200000.0,126995.0,0.6328624735554117,0.6370823415351331,1800.0,1.1887252573965201e+19,490.614868298372,3777.476173123193,1.374445,1.999675,0.6348800000000001,,,,,,,,,,,,,,,,600s,,,,,,,,,,,,,,,,,,,
P8_frontier,I,distribution,0.4,5,600s × 5,,,tie_win,0.53312,a2e0821,600.0,3000.0,3000.0,2802.5453296775913,5.0,5.0,200000.0,106624.0,0.5309328911443499,0.5353058365889255,3000.0,1.1097372721823562e+19,1182.0897408357182,5492.111415982544,2.05476,3.337415,0.53313536,,,,,,,,,,,,,,,,600s,,,,,,,,,,,,,,,,,,,
P8_frontier,I,distribution,0.4,10,600s × 10,,,tie_win,0.372495,a2e0821,600.0,6000.0,6000.0,5801.228768828478,10.0,10.0,200000.0,74499.0,0.37037860962025204,0.3746162883377408,6000.0,1.3558329178768204e+19,3255.243418254776,9423.129853269278,3.690385,6.663125,0.3721840428308222,,,,,,,,,,,,,,,,600s,,,,,,,,,,,,,,,,,,,
P8_frontier,I,distribution,0.4,1,60s × 1,,,tie_win,0.80073,a2e0821,60.0,60.0,60.0,41.58883083359673,0.1,0.1,200000.0,160146.0,0.7989735901518051,0.8024748576509699,60.0,7.111966157699079e+18,3.077597663253032,179.7439364132394,0.59967,0.668525,0.8,,,,,,,,,,,,,,,,60s,,,,,,,,,,,,,,,,,,,
P8_frontier,I,distribution,0.4,2,60s × 2,,,tie_win,0.705325,a2e0821,60.0,120.0,120.0,100.70081940099968,0.2,0.2,200000.0,141065.0,0.7033230537186096,0.7073190589575609,120.0,1.6999276821403265e+19,21.321690641919716,284.6318711034346,1.007195,1.33238,0.7040000000000002,,,,,,,,,,,,,,,,60s,,,,,,,,,,,,,,,,,,,
P8_frontier,I,distribution,0.4,3,60s × 3,,,tie_win,0.634975,a2e0821,60.0,180.0,180.0,160.44361882341371,0.30000000000000004,0.30000000000000004,200000.0,126995.0,0.6328624735554117,0.6370823415351331,180.0,1.1887252573965201e+19,49.0614868298372,377.7476173123193,1.374445,1.999675,0.6348800000000001,,,,,,,,,,,,,,,,60s,,,,,,,,,,,,,,,,,,,
P8_frontier,I,distribution,0.4,5,60s × 5,,,tie_win,0.53312,a2e0821,60.0,300.0,300.0,280.25453296775913,0.5,0.5,200000.0,106624.0,0.5309328911443499,0.5353058365889255,300.0,1.1097372721823562e+19,118.20897408357182,549.2111415982544,2.05476,3.337415,0.53313536,,,,,,,,,,,,,,,,60s,,,,,,,,,,,,,,,,,,,
P8_frontier,I,distribution,0.4,10,60s × 10,,,tie_win,0.372495,a2e0821,60.0,600.0,600.0,580.1228768828478,1.0,1.0,200000.0,74499.0,0.37037860962025204,0.3746162883377408,600.0,1.3558329178768204e+19,325.52434182547756,942.3129853269278,3.690385,6.663125,0.3721840428308222,,,,,,,,,,,,,,,,60s,,,,,,,,,,,,,,,,,,,
R1_finite_duration,II,finite_horizon,0.1,1,600s × 1,,,tie_win,0.00037,a2e0821,600.0,,,,,,200000.0,74.0,0.00029476698056952924,0.00046442573149623964,,8.13900470707051e+18,,,,,,,,,,,,,,,,,60.0,,,,,0.19999999999999998,0.0,,,,,,,,,,,,,,,,,
R1_finite_duration,II,finite_horizon,0.1,1,600s × 1,,,tie_win,0.00159,a2e0821,600.0,,,,,,200000.0,318.0,0.0014246955525748489,0.0017744502945934554,,9.014645822690184e+18,,,,,,,,,,,,,,,,,120.0,,,,,0.19999999999999998,0.0,,,,,,,,,,,,,,,,,
R1_finite_duration,II,finite_horizon,0.1,1,600s × 1,,,tie_win,0.008305,a2e0821,600.0,,,,,,200000.0,1661.0,0.00791660234473465,0.008712285553428348,,1.4648479746130084e+19,,,,,,,,,,,,,,,,,300.0,,,,,0.19999999999999998,0.0,,,,,,,,,,,,,,,,,
R1_finite_duration,II,finite_horizon,0.1,1,600s × 1,,,tie_win,0.02463,a2e0821,600.0,,,,,,200000.0,4926.0,0.023959793732792684,0.025318467059262845,,2.637731862028201e+18,,,,,,,,,,,,,,,,,600.0,,,,,0.19999999999999998,0.0,,,,,,,,,,,,,,,,,
R1_finite_duration,II,finite_horizon,0.1,1,600s × 1,,,tie_win,0.154685,a2e0821,600.0,,,,,,200000.0,30937.0,0.1531068629024777,0.15627640197626658,,2.5583131559290685e+18,,,,,,,,,,,,,,,,,1800.0,,,,,0.19999999999999998,1.2912,,,,,,,,,,,,,,,,,
R1_finite_duration,II,finite_horizon,0.1,1,600s × 1,,,tie_win,0.195285,a2e0821,600.0,,,,,,200000.0,39057.0,0.19355350440052058,0.19702820087589823,,5.469056058405536e+18,,,,,,,,,,,,,,,,,3600.0,,,,,0.19999999999999998,3.658595,,,,,,,,,,,,,,,,,
R1_finite_duration,II,finite_horizon,0.1,1,600s × 1,,,tie_win,0.19978,a2e0821,600.0,,,,,,200000.0,39956.0,0.19803345210837234,0.20153808049778907,,1.467443108873142e+19,,,,,,,,,,,,,,,,,21600.0,,,,,0.19999999999999998,27.666215,,,,,,,,,,,,,,,,,
R1_finite_duration,II,finite_horizon,0.1,1,600s × 1,,,tie_win,0.198965,a2e0821,600.0,,,,,,200000.0,39793.0,0.1972211553148358,0.20072040859861362,,1.1912718424811758e+19,,,,,,,,,,,,,,,,,86400.0,,,,,0.19999999999999998,114.206565,,,,,,,,,,,,,,,,,
R1_finite_duration,II,finite_horizon,0.1,1,60s × 1,,,tie_win,0.02525,a2e0821,60.0,,,,,,200000.0,5050.0,0.024571504938831357,0.02594673203663694,,8.13900470707051e+18,,,,,,,,,,,,,,,,,60.0,,,,,0.19999999999999998,0.0,,,,,,,,,,,,,,,,,
R1_finite_duration,II,finite_horizon,0.1,1,60s × 1,,,tie_win,0.112325,a2e0821,60.0,,,,,,200000.0,22465.0,0.11094855972239719,0.11371633236704917,,9.014645822690184e+18,,,,,,,,,,,,,,,,,120.0,,,,,0.19999999999999998,0.569385,,,,,,,,,,,,,,,,,
R1_finite_duration,II,finite_horizon,0.1,1,60s × 1,,,tie_win,0.190585,a2e0821,60.0,,,,,,200000.0,38117.0,0.18886962339257737,0.19231226242893826,,1.4648479746130084e+19,,,,,,,,,,,,,,,,,300.0,,,,,0.19999999999999998,2.86099,,,,,,,,,,,,,,,,,
R1_finite_duration,II,finite_horizon,0.1,1,60s × 1,,,tie_win,0.199515,a2e0821,60.0,,,,,,200000.0,39903.0,0.19776932981345557,0.20127221297237613,,2.637731862028201e+18,,,,,,,,,,,,,,,,,600.0,,,,,0.19999999999999998,6.863575,,,,,,,,,,,,,,,,,
R1_finite_duration,II,finite_horizon,0.1,1,60s × 1,,,tie_win,0.199615,a2e0821,60.0,,,,,,200000.0,39923.0,0.1978689984624707,0.20137254048197598,,2.5583131559290685e+18,,,,,,,,,,,,,,,,,1800.0,,,,,0.19999999999999998,22.8713,,,,,,,,,,,,,,,,,
R1_finite_duration,II,finite_horizon,0.1,1,60s × 1,,,tie_win,0.200005,a2e0821,60.0,,,,,,200000.0,40001.0,0.19825770783199032,0.20176381613105468,,5.469056058405536e+18,,,,,,,,,,,,,,,,,3600.0,,,,,0.19999999999999998,46.857575,,,,,,,,,,,,,,,,,
R1_finite_duration,II,finite_horizon,0.1,1,60s × 1,,,tie_win,0.19978,a2e0821,60.0,,,,,,200000.0,39956.0,0.19803345210837234,0.20153808049778907,,1.467443108873142e+19,,,,,,,,,,,,,,,,,21600.0,,,,,0.19999999999999998,248.93008,,,,,,,,,,,,,,,,,
R1_finite_duration,II,finite_horizon,0.1,1,60s × 1,,,tie_win,0.198965,a2e0821,60.0,,,,,,200000.0,39793.0,0.1972211553148358,0.20072040859861362,,1.1912718424811758e+19,,,,,,,,,,,,,,,,,86400.0,,,,,0.19999999999999998,249.16027,,,,,,,,,,,,,,,,,
R1_finite_duration,II,finite_horizon,0.1,2,60s × 2,,,tie_win,0.000475,a2e0821,60.0,,,,,,200000.0,95.0,0.0003886203467365951,0.0005805683318748838,,1.684338208744202e+19,,,,,,,,,,,,,,,,,60.0,,,,,0.055999999999999925,0.0,,,,,,,,,,,,,,,,,
R1_finite_duration,II,finite_horizon,0.1,2,60s × 2,,,tie_win,0.004865,a2e0821,60.0,,,,,,200000.0,973.0,0.00456942390564819,0.005179596136160119,,8.916003291533508e+18,,,,,,,,,,,,,,,,,120.0,,,,,0.055999999999999925,0.227,,,,,,,,,,,,,,,,,
R1_finite_duration,II,finite_horizon,0.1,2,60s × 2,,,tie_win,0.039675,a2e0821,60.0,,,,,,200000.0,7935.0,0.038828342042219244,0.040539340813457315,,9.092373048310345e+18,,,,,,,,,,,,,,,,,300.0,,,,,0.055999999999999925,2.337985,,,,,,,,,,,,,,,,,
R1_finite_duration,II,finite_horizon,0.1,2,60s × 2,,,tie_win,0.05506,a2e0821,60.0,,,,,,200000.0,11012.0,0.05406885670241455,0.056068235156173894,,5.297242442449116e+18,,,,,,,,,,,,,,,,,600.0,,,,,0.055999999999999925,6.987785,,,,,,,,,,,,,,,,,
R1_finite_duration,II,finite_horizon,0.1,2,60s × 2,,,tie_win,0.055495,a2e0821,60.0,,,,,,200000.0,11099.0,0.054500138485353566,0.05650693666320997,,3.5765377099309527e+18,,,,,,,,,,,,,,,,,1800.0,,,,,0.055999999999999925,25.87039,,,,,,,,,,,,,,,,,
R1_finite_duration,II,finite_horizon,0.1,2,60s × 2,,,tie_win,0.05584,a2e0821,60.0,,,,,,200000.0,11168.0,0.054842201847295054,0.0568548600484901,,6.561241979896958e+18,,,,,,,,,,,,,,,,,3600.0,,,,,0.055999999999999925,54.192965,,,,,,,,,,,,,,,,,
R1_finite_duration,II,finite_horizon,0.1,2,60s × 2,,,tie_win,0.057535,a2e0821,60.0,,,,,,200000.0,11507.0,0.05652292872981562,0.05856406805449314,,1.831758318721719e+19,,,,,,,,,,,,,,,,,21600.0,,,,,0.055999999999999925,292.32198,,,,,,,,,,,,,,,,,
R1_finite_duration,II,finite_horizon,0.1,2,60s × 2,,,tie_win,0.05602,a2e0821,60.0,,,,,,200000.0,11204.0,0.05502067397020215,0.05703638101108993,,1.7825652867614323e+19,,,,,,,,,,,,,,,,,86400.0,,,,,0.055999999999999925,292.78165,,,,,,,,,,,,,,,,,
R1_finite_duration,II,finite_horizon,0.1,3,60s × 3,,,tie_win,5e-06,a2e0821,60.0,,,,,,200000.0,1.0,8.826233199317767e-07,2.832410980122599e-05,,1.2802927285150364e+19,,,,,,,,,,,,,,,,,60.0,,,,,0.017119999999999906,0.0,,,,,,,,,,,,,,,,,
R1_finite_duration,II,finite_horizon,0.1,3,60s × 3,,,tie_win,0.000155,a2e0821,60.0,,,,,,200000.0,31.0,0.00010920390367427027,0.00021999706736933037,,8.321787861125664e+18,,,,,,,,,,,,,,,,,120.0,,,,,0.017119999999999906,0.062855,,,,,,,,,,,,,,,,,
R1_finite_duration,II,finite_horizon,0.1,3,60s × 3,,,tie_win,0.00556,a2e0821,60.0,,,,,,200000.0,1112.0,0.005243479900073328,0.0058955134441089655,,1.7952288859878949e+19,,,,,,,,,,,,,,,,,300.0,,,,,0.017119999999999906,1.53576,,,,,,,,,,,,,,,,,
R1_finite_duration,II,finite_horizon,0.1,3,60s × 3,,,tie_win,0.016025,a2e0821,60.0,,,,,,200000.0,3205.0,0.015483891242772442,0.016584700100465616,,1.870694558523642e+18,,,,,,,,,,,,,,,,,600.0,,,,,0.017119999999999906,6.11397,,,,,,,,,,,,,,,,,
R1_finite_duration,II,finite_horizon,0.1,3,60s × 3,,,tie_win,0.016915,a2e0821,60.0,,,,,,200000.0,3383.0,0.01635905667460761,0.01748950048030361,,1.2043811026514082e+19,,,,,,,,,,,,,,,,,1800.0,,,,,0.017119999999999906,25.772485,,,,,,,,,,,,,,,,,
R1_finite_duration,II,finite_horizon,0.1,3,60s × 3,,,tie_win,0.017475,a2e0821,60.0,,,,,,200000.0,3495.0,0.01690993204571564,0.018058603597439372,,1.4215341270389783e+19,,,,,,,,,,,,,,,,,3600.0,,,,,0.017119999999999906,55.237975,,,,,,,,,,,,,,,,,
R1_finite_duration,II,finite_horizon,0.1,3,60s × 3,,,tie_win,0.01686,a2e0821,60.0,,,,,,200000.0,3372.0,0.016304961357114404,0.017433597910558585,,1.0692841186749882e+19,,,,,,,,,,,,,,,,,21600.0,,,,,0.017119999999999906,303.914065,,,,,,,,,,,,,,,,,
R1_finite_duration,II,finite_horizon,0.1,3,60s × 3,,,tie_win,0.016765,a2e0821,60.0,,,,,,200000.0,3353.0,0.01621152765127599,0.017337035265712782,,4.985012458142041e+18,,,,,,,,,,,,,,,,,86400.0,,,,,0.017119999999999906,303.92873,,,,,,,,,,,,,,,,,
R1_finite_duration,II,finite_horizon,0.1,5,60s × 5,,,tie_win,0.0,a2e0821,60.0,,,,,,200000.0,0.0,0.0,1.920692519040967e-05,,1.313511700997954e+19,,,,,,,,,,,,,,,,,60.0,,,,,0.0017818400000000187,0.0,,,,,,,,,,,,,,,,,
R1_finite_duration,II,finite_horizon,0.1,5,60s × 5,,,tie_win,0.0,a2e0821,60.0,,,,,,200000.0,0.0,0.0,1.920692519040967e-05,,1.2373474772419015e+19,,,,,,,,,,,,,,,,,120.0,,,,,0.0017818400000000187,0.002365,,,,,,,,,,,,,,,,,
R1_finite_duration,II,finite_horizon,0.1,5,60s × 5,,,tie_win,2.5e-05,a2e0821,60.0,,,,,,200000.0,5.0,1.0678551460593864e-05,5.8527413383556285e-05,,1.052659040884815e+19,,,,,,,,,,,,,,,,,300.0,,,,,0.0017818400000000187,0.46897,,,,,,,,,,,,,,,,,
R1_finite_duration,II,finite_horizon,0.1,5,60s × 5,,,tie_win,0.000865,a2e0821,60.0,,,,,,200000.0,173.0,0.0007453911565162184,0.0010037825406936118,,1.7894142458810165e+19,,,,,,,,,,,,,,,,,600.0,,,,,0.0017818400000000187,4.062165,,,,,,,,,,,,,,,,,
R1_finite_duration,II,finite_horizon,0.1,5,60s × 5,,,tie_win,0.00167,a2e0821,60.0,,,,,,200000.0,334.0,0.0015003686796733525,0.0018587740943869213,,8.811000842309103e+18,,,,,,,,,,,,,,,,,1800.0,,,,,0.0017818400000000187,23.909895,,,,,,,,,,,,,,,,,
R1_finite_duration,II,finite_horizon,0.1,5,60s × 5,,,tie_win,0.001735,a2e0821,60.0,,,,,,200000.0,347.0,0.001561928999754652,0.001927211277405347,,1.7246609763761066e+19,,,,,,,,,,,,,,,,,3600.0,,,,,0.0017818400000000187,53.867445,,,,,,,,,,,,,,,,,
R1_finite_duration,II,finite_horizon,0.1,5,60s × 5,,,tie_win,0.00165,a2e0821,60.0,,,,,,200000.0,330.0,0.0014814404866797842,0.001837703055657497,,1.0518740565854554e+19,,,,,,,,,,,,,,,,,21600.0,,,,,0.0017818400000000187,306.42318,,,,,,,,,,,,,,,,,
R1_finite_duration,II,finite_horizon,0.1,5,60s × 5,,,tie_win,0.00172,a2e0821,60.0,,,,,,200000.0,344.0,0.0015477169619741479,0.0019114238913936067,,7.856039441442094e+18,,,,,,,,,,,,,,,,,86400.0,,,,,0.0017818400000000187,306.420055,,,,,,,,,,,,,,,,,
R1_finite_duration,II,finite_horizon,0.1,10,60s × 10,,,tie_win,0.0,a2e0821,60.0,,,,,,200000.0,0.0,0.0,1.920692519040967e-05,,1.8160593316911778e+19,,,,,,,,,,,,,,,,,60.0,,,,,7.859764652798608e-06,0.0,,,,,,,,,,,,,,,,,
R1_finite_duration,II,finite_horizon,0.1,10,60s × 10,,,tie_win,0.0,a2e0821,60.0,,,,,,200000.0,0.0,0.0,1.920692519040967e-05,,1.0140764921902346e+19,,,,,,,,,,,,,,,,,120.0,,,,,7.859764652798608e-06,0.0,,,,,,,,,,,,,,,,,
R1_finite_duration,II,finite_horizon,0.1,10,60s × 10,,,tie_win,0.0,a2e0821,60.0,,,,,,200000.0,0.0,0.0,1.920692519040967e-05,,8.814987569099585e+18,,,,,,,,,,,,,,,,,300.0,,,,,7.859764652798608e-06,0.00432,,,,,,,,,,,,,,,,,
R1_finite_duration,II,finite_horizon,0.1,10,60s × 10,,,tie_win,0.0,a2e0821,60.0,,,,,,200000.0,0.0,0.0,1.920692519040967e-05,,5.501443546169856e+16,,,,,,,,,,,,,,,,,600.0,,,,,7.859764652798608e-06,0.65863,,,,,,,,,,,,,,,,,
R1_finite_duration,II,finite_horizon,0.1,10,60s × 10,,,tie_win,1e-05,a2e0821,60.0,,,,,,200000.0,2.0,2.7423649747610273e-06,3.646417607714484e-05,,1.1050986807717224e+19,,,,,,,,,,,,,,,,,1800.0,,,,,7.859764652798608e-06,18.397845,,,,,,,,,,,,,,,,,
R1_finite_duration,II,finite_horizon,0.1,10,60s × 10,,,tie_win,1e-05,a2e0821,60.0,,,,,,200000.0,2.0,2.7423649747610273e-06,3.646417607714484e-05,,1.0203305422081845e+19,,,,,,,,,,,,,,,,,3600.0,,,,,7.859764652798608e-06,48.40035,,,,,,,,,,,,,,,,,
R1_finite_duration,II,finite_horizon,0.1,10,60s × 10,,,tie_win,1e-05,a2e0821,60.0,,,,,,200000.0,2.0,2.7423649747610273e-06,3.646417607714484e-05,,7.954522035018577e+17,,,,,,,,,,,,,,,,,21600.0,,,,,7.859764652798608e-06,301.398725,,,,,,,,,,,,,,,,,
R1_finite_duration,II,finite_horizon,0.1,10,60s × 10,,,tie_win,0.0,a2e0821,60.0,,,,,,200000.0,0.0,0.0,1.920692519040967e-05,,3.5476064106269772e+16,,,,,,,,,,,,,,,,,86400.0,,,,,7.859764652798608e-06,301.357515,,,,,,,,,,,,,,,,,
R2_start_time,II,finite_horizon,0.1,2,60s × 2,simultaneous,,tie_win,0.055555,a2e0821,60.0,,,,,,200000.0,11111.0,0.054559626987826265,0.05656744585590624,,1.4924847518013452e+19,,,,,,,,,,,,,,,,,86400.0,,,,,,,0.0,0.0,simultaneous,,,,,,,,,,,,,,
R2_start_time,II,finite_horizon,0.1,2,60s × 2,at_inclusion,,tie_win,0.055805,a2e0821,60.0,,,,,,200000.0,11161.0,0.05480749927458207,0.056819563965687846,,6.742720493970094e+18,,,,,,,,,,,,,,,,,86400.0,,,,,,,0.0,0.0,at_inclusion,,,,,,,,,,,,,,
R2_start_time,II,finite_horizon,0.1,2,60s × 2,reactive,,tie_win,0.050015,a2e0821,60.0,,,,,,200000.0,10003.0,0.04906830888965701,0.05097897676680659,,2.4954106218024274e+18,,,,,,,,,,,,,,,,,86400.0,,,,,,,0.0,0.0,reactive_0s,,,,,,,,,,,,,,
R2_start_time,II,finite_horizon,0.1,2,60s × 2,reactive,,tie_win,0.05018,a2e0821,60.0,,,,,,200000.0,10036.0,0.049231814445254304,0.051145464872924006,,2.4096459502760044e+18,,,,,,,,,,,,,,,,,86400.0,,,,,,,10.0,0.0,reactive_10s,,,,,,,,,,,,,,
R2_start_time,II,finite_horizon,0.1,2,60s × 2,reactive,,tie_win,0.049605,a2e0821,60.0,,,,,,200000.0,9921.0,0.04866203485487273,0.050565266551269555,,1.2337322390367285e+19,,,,,,,,,,,,,,,,,86400.0,,,,,,,30.0,0.0,reactive_30s,,,,,,,,,,,,,,
R2_start_time,II,finite_horizon,0.1,2,60s × 2,reactive,,tie_win,0.050275,a2e0821,60.0,,,,,,200000.0,10055.0,0.04932595530864882,0.0512413203602137,,1.575232808283824e+18,,,,,,,,,,,,,,,,,86400.0,,,,,,,60.0,0.0,reactive_60s,,,,,,,,,,,,,,
R2_start_time,II,finite_horizon,0.1,2,60s × 2,reactive,,tie_win,0.049715,a2e0821,60.0,,,,,,200000.0,9943.0,0.04877103344857323,0.05067626373204551,,7.41160779807173e+18,,,,,,,,,,,,,,,,,86400.0,,,,,,,120.0,0.0,reactive_120s,,,,,,,,,,,,,,
R2_start_time,II,finite_horizon,0.1,2,60s × 2,reactive,,tie_win,0.05086,a2e0821,60.0,,,,,,200000.0,10172.0,0.04990568562438444,0.051831567572375614,,4.728422675313185e+18,,,,,,,,,,,,,,,,,86400.0,,,,,,,300.0,0.0,reactive_300s,,,,,,,,,,,,,,
R2_start_time,II,finite_horizon,0.1,2,60s × 2,reactive,,tie_win,0.049785,a2e0821,60.0,,,,,,200000.0,9957.0,0.04884039686237839,0.050746897629270815,,1.6456621204960154e+19,,,,,,,,,,,,,,,,,86400.0,,,,,,,600.0,0.0,reactive_600s,,,,,,,,,,,,,,
R2_start_time,II,finite_horizon,0.1,2,60s × 2,premining,,tie_win,0.000185,a2e0821,60.0,,,,,,200000.0,37.0,0.00013422787885250534,0.0002549719397755839,,1.3044588694636143e+19,,,,,,,,,,,,,,,,,86400.0,,,,,,,0.0,-3.0,premining_-3,,,,,,,,,,,,,,
R2_start_time,II,finite_horizon,0.1,2,60s × 2,premining,,tie_win,0.00132,a2e0821,60.0,,,,,,200000.0,264.0,0.001170168526035638,0.0014889876928722689,,3.2851199214720445e+18,,,,,,,,,,,,,,,,,86400.0,,,,,,,0.0,-2.0,premining_-2,,,,,,,,,,,,,,
R2_start_time,II,finite_horizon,0.1,2,60s × 2,premining,,tie_win,0.009435,a2e0821,60.0,,,,,,200000.0,1887.0,0.009020634170527524,0.009868210319984545,,1.45527646156304e+18,,,,,,,,,,,,,,,,,86400.0,,,,,,,0.0,-1.0,premining_-1,,,,,,,,,,,,,,
R2_start_time,II,finite_horizon,0.1,2,60s × 2,premining,,tie_win,0.056145,a2e0821,60.0,,,,,,200000.0,11229.0,0.05514461466249584,0.057162435517064944,,1.3596911028948068e+19,,,,,,,,,,,,,,,,,86400.0,,,,,,,0.0,0.0,premining_+0,,,,,,,,,,,,,,
R2_start_time,II,finite_horizon,0.1,2,60s × 2,premining,,tie_win,0.278745,a2e0821,60.0,,,,,,200000.0,55749.0,0.2767841801988618,0.2807143190576042,,1.5252731070807142e+19,,,,,,,,,,,,,,,,,86400.0,,,,,,,0.0,1.0,premining_+1,,,,,,,,,,,,,,
R2_start_time,II,finite_horizon,0.1,2,60s × 2,premining,,tie_win,1.0,a2e0821,60.0,,,,,,200000.0,200000.0,0.9999807930748096,1.0,,8.453065869588734e+18,,,,,,,,,,,,,,,,,86400.0,,,,,,,0.0,2.0,premining_+2,,,,,,,,,,,,,,
R2_start_time,II,finite_horizon,0.1,2,60s × 2,premining,,tie_win,1.0,a2e0821,60.0,,,,,,200000.0,200000.0,0.9999807930748096,1.0,,1.6504995802407571e+19,,,,,,,,,,,,,,,,,86400.0,,,,,,,0.0,3.0,premining_+3,,,,,,,,,,,,,,
R3_abandonment,II,finite_horizon,0.1,2,60s × 2,,never,tie_win,0.05632,a2e0821,60.0,,,,,,200000.0,11264.0,0.055318133988046775,0.0573389094690902,,9.55694285686519e+18,,,,,,,,,,,,,,,,,86400.0,,,,,,,,,never,,,,,,,,,,,,,,
R3_abandonment,II,finite_horizon,0.1,2,60s × 2,,deficit_1,tie_win,0.043915,a2e0821,60.0,,,,,,200000.0,8783.0,0.0430257022089092,0.04482181777204174,,7.270811667261039e+18,,,,,,,,,,,,,,,,,86400.0,,,,,,,,,abandon_at_1,1.0,,,,,,,,,,,,,
R3_abandonment,II,finite_horizon,0.1,2,60s × 2,,deficit_2,tie_win,0.05201,a2e0821,60.0,,,,,,200000.0,10402.0,0.05104542892815201,0.052991780092680095,,8.533145250437438e+18,,,,,,,,,,,,,,,,,86400.0,,,,,,,,,abandon_at_2,2.0,,,,,,,,,,,,,
R3_abandonment,II,finite_horizon,0.1,2,60s × 2,,deficit_3,tie_win,0.05403,a2e0821,60.0,,,,,,200000.0,10806.0,0.05304773076255503,0.05502940066229931,,1.1422157649656502e+19,,,,,,,,,,,,,,,,,86400.0,,,,,,,,,abandon_at_3,3.0,,,,,,,,,,,,,
R3_abandonment,II,finite_horizon,0.1,2,60s × 2,,deficit_5,tie_win,0.05623,a2e0821,60.0,,,,,,200000.0,11246.0,0.0552288951350143,0.057248151779369205,,3.713238709939253e+18,,,,,,,,,,,,,,,,,86400.0,,,,,,,,,abandon_at_5,5.0,,,,,,,,,,,,,
R3_abandonment,II,finite_horizon,0.1,2,60s × 2,,deficit_10,tie_win,0.055415,a2e0821,60.0,,,,,,200000.0,11083.0,0.05442082099337116,0.0564262572283004,,1.399214512649299e+19,,,,,,,,,,,,,,,,,86400.0,,,,,,,,,abandon_at_10,10.0,,,,,,,,,,,,,
R3_abandonment,II,finite_horizon,0.1,2,60s × 2,,deficit_20,tie_win,0.055465,a2e0821,60.0,,,,,,200000.0,11093.0,0.05447039435732825,0.05647668194365079,,4.63396234622111e+18,,,,,,,,,,,,,,,,,86400.0,,,,,,,,,abandon_at_20,20.0,,,,,,,,,,,,,
R3_abandonment,II,finite_horizon,0.1,2,60s × 2,,deficit_50,tie_win,0.05613,a2e0821,60.0,,,,,,200000.0,11226.0,0.05512974170524636,0.057147309050522184,,8.608826758797459e+17,,,,,,,,,,,,,,,,,86400.0,,,,,,,,,abandon_at_50,50.0,,,,,,,,,,,,,
R4_temporary_majority,II,external_hash,0.1,2,,,,tie_win,0.05545,a2e0821,600.0,,,,,,200000.0,11090.0,0.05445552232414579,0.056461554553041006,,7.424306408720517e+18,,,,,,,,,,,,,,,,,86400.0,,,,,,,,,,,0.05,0.0,,,,,,,,,,,
R4_temporary_majority,II,external_hash,0.1,2,,,,tie_win,0.054895,a2e0821,600.0,,,,,,200000.0,10979.0,0.05390527161950618,0.05590182657736758,,1.6189857127422702e+19,,,,,,,,,,,,,,,,,86400.0,,,,,,,,,,,0.05,60.0,,,,,,,,,,,
R4_temporary_majority,II,external_hash,0.1,2,,,,tie_win,0.050035,a2e0821,600.0,,,,,,200000.0,10007.0,0.04908812759177578,0.05099915729641083,,1.7845679567166783e+19,,,,,,,,,,,,,,,,,86400.0,,,,,,,,,,,0.05,300.0,,,,,,,,,,,
R4_temporary_majority,II,external_hash,0.1,2,,,,tie_win,0.04414,a2e0821,600.0,,,,,,200000.0,8828.0,0.04324850641082254,0.04504900492701206,,2.887310909898975e+18,,,,,,,,,,,,,,,,,86400.0,,,,,,,,,,,0.05,600.0,,,,,,,,,,,
R4_temporary_majority,II,external_hash,0.1,2,,,,tie_win,0.027635,a2e0821,600.0,,,,,,200000.0,5527.0,0.02692560382637553,0.02836254153205961,,4.241741538347174e+18,,,,,,,,,,,,,,,,,86400.0,,,,,,,,,,,0.05,1800.0,,,,,,,,,,,
R4_temporary_majority,II,external_hash,0.1,2,,,,tie_win,0.016905,a2e0821,600.0,,,,,,200000.0,3381.0,0.016349221047204734,0.01747933649184499,,4.3918579463403633e+18,,,,,,,,,,,,,,,,,86400.0,,,,,,,,,,,0.05,3600.0,,,,,,,,,,,
R4_temporary_majority,II,external_hash,0.1,2,,,,tie_win,0.01452,a2e0821,600.0,,,,,,200000.0,2904.0,0.014004994436050982,0.0150536547200319,,9.494671035115163e+17,,,,,,,,,,,,,,,,,86400.0,,,,,,,,,,,0.05,21600.0,,,,,,,,,,,
R4_temporary_majority,II,external_hash,0.1,2,,,,tie_win,0.014555,a2e0821,600.0,,,,,,200000.0,2911.0,0.014039371734455946,0.015089276077142173,,1.8277818904351758e+19,,,,,,,,,,,,,,,,,86400.0,,,,,,,,,,,0.05,86400.0,,,,,,,,,,,
R4_temporary_majority,II,external_hash,0.1,2,,,,tie_win,0.05693,a2e0821,600.0,,,,,,200000.0,11386.0,0.0559229941096594,0.05795402591502884,,3.3852009531871667e+18,,,,,,,,,,,,,,,,,86400.0,,,,,,,,,,,0.1,0.0,,,,,,,,,,,
R4_temporary_majority,II,external_hash,0.1,2,,,,tie_win,0.055575,a2e0821,600.0,,,,,,200000.0,11115.0,0.054579456561596414,0.05658761551385909,,2.5431905864144723e+17,,,,,,,,,,,,,,,,,86400.0,,,,,,,,,,,0.1,60.0,,,,,,,,,,,
R4_temporary_majority,II,external_hash,0.1,2,,,,tie_win,0.056565,a2e0821,600.0,,,,,,200000.0,11313.0,0.05556106564126366,0.05758596840447996,,1.3100904396209918e+19,,,,,,,,,,,,,,,,,86400.0,,,,,,,,,,,0.1,300.0,,,,,,,,,,,
R4_temporary_majority,II,external_hash,0.1,2,,,,tie_win,0.054595,a2e0821,600.0,,,,,,200000.0,10919.0,0.05360785066959769,0.055599259051431184,,1.1898210263322819e+19,,,,,,,,,,,,,,,,,86400.0,,,,,,,,,,,0.1,600.0,,,,,,,,,,,
R4_temporary_majority,II,external_hash,0.1,2,,,,tie_win,0.05615,a2e0821,600.0,,,,,,200000.0,11230.0,0.05514957231940285,0.05716747766808868,,1.3764809778121705e+19,,,,,,,,,,,,,,,,,86400.0,,,,,,,,,,,0.1,1800.0,,,,,,,,,,,
R4_temporary_majority,II,external_hash,0.1,2,,,,tie_win,0.05541,a2e0821,600.0,,,,,,200000.0,11082.0,0.0544158636695487,0.056421214744192115,,1.0377765432313025e+19,,,,,,,,,,,,,,,,,86400.0,,,,,,,,,,,0.1,3600.0,,,,,,,,,,,
R4_temporary_majority,II,external_hash,0.1,2,,,,tie_win,0.055715,a2e0821,600.0,,,,,,200000.0,11143.0,0.054718264597330445,0.056728802100186,,2.7004808196967404e+18,,,,,,,,,,,,,,,,,86400.0,,,,,,,,,,,0.1,21600.0,,,,,,,,,,,
R4_temporary_majority,II,external_hash,0.1,2,,,,tie_win,0.055445,a2e0821,600.0,,,,,,200000.0,11089.0,0.05445056498432102,0.05645651208493503,,1.0651832008778025e+19,,,,,,,,,,,,,,,,,86400.0,,,,,,,,,,,0.1,86400.0,,,,,,,,,,,
R4_temporary_majority,II,external_hash,0.1,2,,,,tie_win,0.055905,a2e0821,600.0,,,,,,200000.0,11181.0,0.05490664977636977,0.056920409622515114,,9.573981399537537e+18,,,,,,,,,,,,,,,,,86400.0,,,,,,,,,,,0.2,0.0,,,,,,,,,,,
R4_temporary_majority,II,external_hash,0.1,2,,,,tie_win,0.057705,a2e0821,600.0,,,,,,200000.0,11541.0,0.05669151113568772,0.05873547911826647,,5.287597886128332e+18,,,,,,,,,,,,,,,,,86400.0,,,,,,,,,,,0.2,60.0,,,,,,,,,,,
R4_temporary_majority,II,external_hash,0.1,2,,,,tie_win,0.069505,a2e0821,600.0,,,,,,200000.0,13901.0,0.06839870215546436,0.07062783481505532,,1.32637199410335e+18,,,,,,,,,,,,,,,,,86400.0,,,,,,,,,,,0.2,300.0,,,,,,,,,,,
R4_temporary_majority,II,external_hash,0.1,2,,,,tie_win,0.084265,a2e0821,600.0,,,,,,200000.0,16853.0,0.08305554718729696,0.08549042279479112,,1.0538617564375521e+19,,,,,,,,,,,,,,,,,86400.0,,,,,,,,,,,0.2,600.0,,,,,,,,,,,
R4_temporary_majority,II,external_hash,0.1,2,,,,tie_win,0.14105,a2e0821,600.0,,,,,,200000.0,28210.0,0.1395314237149814,0.14258236493661283,,1.2936789954030076e+19,,,,,,,,,,,,,,,,,86400.0,,,,,,,,,,,0.2,1800.0,,,,,,,,,,,
R4_temporary_majority,II,external_hash,0.1,2,,,,tie_win,0.1877,a2e0821,600.0,,,,,,200000.0,37540.0,0.1859947148609096,0.18941728178456438,,8.991465419659597e+18,,,,,,,,,,,,,,,,,86400.0,,,,,,,,,,,0.2,3600.0,,,,,,,,,,,
R4_temporary_majority,II,external_hash,0.1,2,,,,tie_win,0.20759,a2e0821,600.0,,,,,,200000.0,41518.0,0.2058181176511143,0.20937311494287558,,4.605250354028291e+18,,,,,,,,,,,,,,,,,86400.0,,,,,,,,,,,0.2,21600.0,,,,,,,,,,,
R4_temporary_majority,II,external_hash,0.1,2,,,,tie_win,0.20874,a2e0821,600.0,,,,,,200000.0,41748.0,0.20696447285706757,0.21052671556099442,,1.552751933399755e+19,,,,,,,,,,,,,,,,,86400.0,,,,,,,,,,,0.2,86400.0,,,,,,,,,,,
R4_temporary_majority,II,external_hash,0.1,2,,,,tie_win,0.05648,a2e0821,600.0,,,,,,200000.0,11296.0,0.05547678262502847,0.05750025468589244,,9.489369897152385e+18,,,,,,,,,,,,,,,,,86400.0,,,,,,,,,,,0.33,0.0,,,,,,,,,,,
R4_temporary_majority,II,external_hash,0.1,2,,,,tie_win,0.061705,a2e0821,600.0,,,,,,200000.0,12341.0,0.06065885503230474,0.06276798156624792,,1.6951996465251686e+19,,,,,,,,,,,,,,,,,86400.0,,,,,,,,,,,0.33,60.0,,,,,,,,,,,
R4_temporary_majority,II,external_hash,0.1,2,,,,tie_win,0.08869,a2e0821,600.0,,,,,,200000.0,17738.0,0.08745192867526573,0.0899438713255344,,1.3055663346866217e+19,,,,,,,,,,,,,,,,,86400.0,,,,,,,,,,,0.33,300.0,,,,,,,,,,,
R4_temporary_majority,II,external_hash,0.1,2,,,,tie_win,0.125725,a2e0821,600.0,,,,,,200000.0,25145.0,0.12427917704443008,0.12718520029942124,,1.8420258740777972e+19,,,,,,,,,,,,,,,,,86400.0,,,,,,,,,,,0.33,600.0,,,,,,,,,,,
R4_temporary_majority,II,external_hash,0.1,2,,,,tie_win,0.2809,a2e0821,600.0,,,,,,200000.0,56180.0,0.278934506683161,0.2828739097914574,,1.3676533073517494e+19,,,,,,,,,,,,,,,,,86400.0,,,,,,,,,,,0.33,1800.0,,,,,,,,,,,
R4_temporary_majority,II,external_hash,0.1,2,,,,tie_win,0.411605,a2e0821,600.0,,,,,,200000.0,82321.0,0.4094499276439942,0.41376346794831026,,1.4625909118728425e+19,,,,,,,,,,,,,,,,,86400.0,,,,,,,,,,,0.33,3600.0,,,,,,,,,,,
R4_temporary_majority,II,external_hash,0.1,2,,,,tie_win,0.507765,a2e0821,600.0,,,,,,200000.0,101553.0,0.5055738298099542,0.5099558719064976,,1.253497998332335e+19,,,,,,,,,,,,,,,,,86400.0,,,,,,,,,,,0.33,21600.0,,,,,,,,,,,
R4_temporary_majority,II,external_hash,0.1,2,,,,tie_win,0.508445,a2e0821,600.0,,,,,,200000.0,101689.0,0.5062538650628756,0.510635810532158,,1.1301126255291843e+19,,,,,,,,,,,,,,,,,86400.0,,,,,,,,,,,0.33,86400.0,,,,,,,,,,,
R4_temporary_majority,II,external_hash,0.1,2,,,,tie_win,0.05542,a2e0821,600.0,,,,,,200000.0,11084.0,0.05442577831948053,0.05643129971012177,,1.4564512273966918e+19,,,,,,,,,,,,,,,,,86400.0,,,,,,,,,,,0.4,0.0,,,,,,,,,,,
R4_temporary_majority,II,external_hash,0.1,2,,,,tie_win,0.064395,a2e0821,600.0,,,,,,200000.0,12879.0,0.06332760909318978,0.06547912417210533,,1.0257186420505168e+19,,,,,,,,,,,,,,,,,86400.0,,,,,,,,,,,0.4,60.0,,,,,,,,,,,
R4_temporary_majority,II,external_hash,0.1,2,,,,tie_win,0.09936,a2e0821,600.0,,,,,,200000.0,19872.0,0.0980566494232303,0.10067874070178627,,8.535017712135645e+17,,,,,,,,,,,,,,,,,86400.0,,,,,,,,,,,0.4,300.0,,,,,,,,,,,
R4_temporary_majority,II,external_hash,0.1,2,,,,tie_win,0.15056,a2e0821,600.0,,,,,,200000.0,30112.0,0.14899940471024115,0.15213401862563594,,9.684292101979711e+18,,,,,,,,,,,,,,,,,86400.0,,,,,,,,,,,0.4,600.0,,,,,,,,,,,
R4_temporary_majority,II,external_hash,0.1,2,,,,tie_win,0.364425,a2e0821,600.0,,,,,,200000.0,72885.0,0.36231840895677403,0.36653679900099134,,1.1308357912247026e+19,,,,,,,,,,,,,,,,,86400.0,,,,,,,,,,,0.4,1800.0,,,,,,,,,,,
R4_temporary_majority,II,external_hash,0.1,2,,,,tie_win,0.54317,a2e0821,600.0,,,,,,200000.0,108634.0,0.5409860682237595,0.5453522734503196,,6.2578602511383e+18,,,,,,,,,,,,,,,,,86400.0,,,,,,,,,,,0.4,3600.0,,,,,,,,,,,
R4_temporary_majority,II,external_hash,0.1,2,,,,tie_win,0.690685,a2e0821,600.0,,,,,,200000.0,138137.0,0.688655660816606,0.6927070142383341,,1.2308096757095512e+19,,,,,,,,,,,,,,,,,86400.0,,,,,,,,,,,0.4,21600.0,,,,,,,,,,,
R4_temporary_majority,II,external_hash,0.1,2,,,,tie_win,0.70437,a2e0821,600.0,,,,,,200000.0,140874.0,0.7023661923841236,0.7063659569772742,,2.139352264457927e+18,,,,,,,,,,,,,,,,,86400.0,,,,,,,,,,,0.4,86400.0,,,,,,,,,,,
R4_temporary_majority,II,external_hash,0.1,2,,,,tie_win,0.056605,a2e0821,600.0,,,,,,200000.0,11321.0,0.05560072845938169,0.057626304049807925,,9.304747259694453e+18,,,,,,,,,,,,,,,,,86400.0,,,,,,,,,,,0.5,0.0,,,,,,,,,,,
R4_temporary_majority,II,external_hash,0.1,2,,,,tie_win,0.06646,a2e0821,600.0,,,,,,200000.0,13292.0,0.06537666497514091,0.0675599889655532,,8.432940148003984e+18,,,,,,,,,,,,,,,,,86400.0,,,,,,,,,,,0.5,60.0,,,,,,,,,,,
R4_temporary_majority,II,external_hash,0.1,2,,,,tie_win,0.115625,a2e0821,600.0,,,,,,200000.0,23125.0,0.11423092800866398,0.11703383731507615,,1.3717854231473574e+19,,,,,,,,,,,,,,,,,86400.0,,,,,,,,,,,0.5,300.0,,,,,,,,,,,
R4_temporary_majority,II,external_hash,0.1,2,,,,tie_win,0.18946,a2e0821,600.0,,,,,,200000.0,37892.0,0.18774854049315698,0.1911833885439403,,5.346757979856817e+18,,,,,,,,,,,,,,,,,86400.0,,,,,,,,,,,0.5,600.0,,,,,,,,,,,
R4_temporary_majority,II,external_hash,0.1,2,,,,tie_win,0.47823,a2e0821,600.0,,,,,,200000.0,95646.0,0.47604121081733264,0.48041962545219014,,6.828628118994989e+18,,,,,,,,,,,,,,,,,86400.0,,,,,,,,,,,0.5,1800.0,,,,,,,,,,,
R4_temporary_majority,II,external_hash,0.1,2,,,,tie_win,0.698805,a2e0821,600.0,,,,,,200000.0,139761.0,0.696790554214224,0.7008118089202512,,1.4248824620599996e+19,,,,,,,,,,,,,,,,,86400.0,,,,,,,,,,,0.5,3600.0,,,,,,,,,,,
R4_temporary_majority,II,external_hash,0.1,2,,,,tie_win,0.898065,a2e0821,600.0,,,,,,200000.0,179613.0,0.8967313294605839,0.8993833793300644,,1.4268064549350615e+19,,,,,,,,,,,,,,,,,86400.0,,,,,,,,,,,0.5,21600.0,,,,,,,,,,,
R4_temporary_majority,II,external_hash,0.1,2,,,,tie_win,0.94934,a2e0821,600.0,,,,,,200000.0,189868.0,0.9483702223404702,0.9502925167799997,,1.5623144208328047e+19,,,,,,,,,,,,,,,,,86400.0,,,,,,,,,,,0.5,86400.0,,,,,,,,,,,
R4_temporary_majority,II,external_hash,0.1,2,,,,tie_win,0.05608,a2e0821,600.0,,,,,,200000.0,11216.0,0.055080165327108695,0.05709688734935236,,9.683515986678632e+17,,,,,,,,,,,,,,,,,86400.0,,,,,,,,,,,0.6,0.0,,,,,,,,,,,
R4_temporary_majority,II,external_hash,0.1,2,,,,tie_win,0.068865,a2e0821,600.0,,,,,,200000.0,13773.0,0.06776347593959867,0.06998308561578526,,1.5939275993791635e+19,,,,,,,,,,,,,,,,,86400.0,,,,,,,,,,,0.6,60.0,,,,,,,,,,,
R4_temporary_majority,II,external_hash,0.1,2,,,,tie_win,0.13244,a2e0821,600.0,,,,,,200000.0,26488.0,0.13096148951997025,0.13393262987487578,,8.404719797638339e+18,,,,,,,,,,,,,,,,,86400.0,,,,,,,,,,,0.6,300.0,,,,,,,,,,,
R4_temporary_majority,II,external_hash,0.1,2,,,,tie_win,0.22797,a2e0821,600.0,,,,,,200000.0,45594.0,0.2261366275768282,0.22981382214289095,,1.1315687498918506e+19,,,,,,,,,,,,,,,,,86400.0,,,,,,,,,,,0.6,600.0,,,,,,,,,,,
R4_temporary_majority,II,external_hash,0.1,2,,,,tie_win,0.57958,a2e0821,600.0,,,,,,200000.0,115916.0,0.5774151184141303,0.5817418246116565,,1.1001289654159466e+18,,,,,,,,,,,,,,,,,86400.0,,,,,,,,,,,0.6,1800.0,,,,,,,,,,,
R4_temporary_majority,II,external_hash,0.1,2,,,,tie_win,0.823645,a2e0821,600.0,,,,,,200000.0,164729.0,0.8219684785029607,0.8253090890464327,,4.408535316190712e+18,,,,,,,,,,,,,,,,,86400.0,,,,,,,,,,,0.6,3600.0,,,,,,,,,,,
R4_temporary_majority,II,external_hash,0.1,2,,,,tie_win,0.985415,a2e0821,600.0,,,,,,200000.0,197083.0,0.984880191952729,0.9859311613880885,,6.141190526996223e+18,,,,,,,,,,,,,,,,,86400.0,,,,,,,,,,,0.6,21600.0,,,,,,,,,,,
R4_temporary_majority,II,external_hash,0.1,2,,,,tie_win,0.999665,a2e0821,600.0,,,,,,200000.0,199933.0,0.9995746300344666,0.999736175908983,,7.24645886669968e+18,,,,,,,,,,,,,,,,,86400.0,,,,,,,,,,,0.6,86400.0,,,,,,,,,,,
R5_acquisition_delay,II,external_hash,0.1,2,,,,tie_win,0.0563,a2e0821,600.0,,,,,,200000.0,11260.0,0.05529830306917323,0.057318741156240756,,1.9530600503898214e+18,,,,,,,,,,,,,,,,,86400.0,,,,,,,,,,,0.1,3600.0,0.0,,,,,,,,,,
R5_acquisition_delay,II,external_hash,0.1,2,,,,tie_win,0.187695,a2e0821,600.0,,,,,,200000.0,37539.0,0.1859897324826388,0.1894122643549044,,1.4342717249451484e+18,,,,,,,,,,,,,,,,,86400.0,,,,,,,,,,,0.2,3600.0,0.0,,,,,,,,,,
R5_acquisition_delay,II,external_hash,0.1,2,,,,tie_win,0.41346,a2e0821,600.0,,,,,,200000.0,82692.0,0.4113034476038894,0.41561987673072254,,1.534316559066831e+19,,,,,,,,,,,,,,,,,86400.0,,,,,,,,,,,0.33,3600.0,0.0,,,,,,,,,,
R5_acquisition_delay,II,external_hash,0.1,2,,,,tie_win,0.538605,a2e0821,600.0,,,,,,200000.0,107721.0,0.5364195143936972,0.5407890026396088,,1.1122371856404236e+19,,,,,,,,,,,,,,,,,86400.0,,,,,,,,,,,0.4,3600.0,0.0,,,,,,,,,,
R5_acquisition_delay,II,external_hash,0.1,2,,,,tie_win,0.69988,a2e0821,600.0,,,,,,200000.0,139976.0,0.6978675816496738,0.701884740189912,,1.3353244353972122e+18,,,,,,,,,,,,,,,,,86400.0,,,,,,,,,,,0.5,3600.0,0.0,,,,,,,,,,
R5_acquisition_delay,II,external_hash,0.1,2,,,,tie_win,0.05559,a2e0821,600.0,,,,,,200000.0,11118.0,0.054594328765840146,0.056602742733407596,,7.941591151959809e+18,,,,,,,,,,,,,,,,,86400.0,,,,,,,,,,,0.1,3600.0,60.0,,,,,,,,,,
R5_acquisition_delay,II,external_hash,0.1,2,,,,tie_win,0.184045,a2e0821,600.0,,,,,,200000.0,36809.0,0.1823527200295306,0.18574941701856648,,1.2245016287437949e+19,,,,,,,,,,,,,,,,,86400.0,,,,,,,,,,,0.2,3600.0,60.0,,,,,,,,,,
R5_acquisition_delay,II,external_hash,0.1,2,,,,tie_win,0.4081,a2e0821,600.0,,,,,,200000.0,81620.0,0.4059478105640305,0.4102557196688195,,6.321751685243261e+18,,,,,,,,,,,,,,,,,86400.0,,,,,,,,,,,0.33,3600.0,60.0,,,,,,,,,,
R5_acquisition_delay,II,external_hash,0.1,2,,,,tie_win,0.53173,a2e0821,600.0,,,,,,200000.0,106346.0,0.5295425219643928,0.5339162591641348,,1.7443765002612733e+18,,,,,,,,,,,,,,,,,86400.0,,,,,,,,,,,0.4,3600.0,60.0,,,,,,,,,,
R5_acquisition_delay,II,external_hash,0.1,2,,,,tie_win,0.69164,a2e0821,600.0,,,,,,200000.0,138328.0,0.6896123741678405,0.6936602642018727,,3.187244950496508e+18,,,,,,,,,,,,,,,,,86400.0,,,,,,,,,,,0.5,3600.0,60.0,,,,,,,,,,
R5_acquisition_delay,II,external_hash,0.1,2,,,,tie_win,0.05573,a2e0821,600.0,,,,,,200000.0,11146.0,0.05473313699251928,0.056743929128789415,,4.3126306833026555e+18,,,,,,,,,,,,,,,,,86400.0,,,,,,,,,,,0.1,3600.0,300.0,,,,,,,,,,
R5_acquisition_delay,II,external_hash,0.1,2,,,,tie_win,0.17139,a2e0821,600.0,,,,,,200000.0,34278.0,0.16974473043498028,0.17304789274039337,,8.894547982017601e+18,,,,,,,,,,,,,,,,,86400.0,,,,,,,,,,,0.2,3600.0,300.0,,,,,,,,,,
R5_acquisition_delay,II,external_hash,0.1,2,,,,tie_win,0.37716,a2e0821,600.0,,,,,,200000.0,75432.0,0.37503823349119153,0.3792864852661892,,1.6954763721947015e+19,,,,,,,,,,,,,,,,,86400.0,,,,,,,,,,,0.33,3600.0,300.0,,,,,,,,,,
R5_acquisition_delay,II,external_hash,0.1,2,,,,tie_win,0.496465,a2e0821,600.0,,,,,,200000.0,99293.0,0.49427383735448965,0.4986562984384714,,4.40630464215505e+18,,,,,,,,,,,,,,,,,86400.0,,,,,,,,,,,0.4,3600.0,300.0,,,,,,,,,,
R5_acquisition_delay,II,external_hash,0.1,2,,,,tie_win,0.654685,a2e0821,600.0,,,,,,200000.0,130937.0,0.6525982421841037,0.6567658157694501,,6.811954746414087e+18,,,,,,,,,,,,,,,,,86400.0,,,,,,,,,,,0.5,3600.0,300.0,,,,,,,,,,
R5_acquisition_delay,II,external_hash,0.1,2,,,,tie_win,0.055905,a2e0821,600.0,,,,,,200000.0,11181.0,0.05490664977636977,0.056920409622515114,,1.0062680824276044e+19,,,,,,,,,,,,,,,,,86400.0,,,,,,,,,,,0.1,3600.0,600.0,,,,,,,,,,
R5_acquisition_delay,II,external_hash,0.1,2,,,,tie_win,0.15565,a2e0821,600.0,,,,,,200000.0,31130.0,0.15406781657287788,0.1572454112365008,,1.2992730389003565e+19,,,,,,,,,,,,,,,,,86400.0,,,,,,,,,,,0.2,3600.0,600.0,,,,,,,,,,
R5_acquisition_delay,II,external_hash,0.1,2,,,,tie_win,0.342225,a2e0821,600.0,,,,,,200000.0,68445.0,0.34014869792196917,0.3443073628232747,,1.0589201981434184e+19,,,,,,,,,,,,,,,,,86400.0,,,,,,,,,,,0.33,3600.0,600.0,,,,,,,,,,
R5_acquisition_delay,II,external_hash,0.1,2,,,,tie_win,0.449185,a2e0821,600.0,,,,,,200000.0,89837.0,0.44700603636425323,0.4513659156355539,,9.175123615910014e+18,,,,,,,,,,,,,,,,,86400.0,,,,,,,,,,,0.4,3600.0,600.0,,,,,,,,,,
R5_acquisition_delay,II,external_hash,0.1,2,,,,tie_win,0.60456,a2e0821,600.0,,,,,,200000.0,120912.0,0.6024151548234409,0.6067008286243633,,1.5039947136093266e+18,,,,,,,,,,,,,,,,,86400.0,,,,,,,,,,,0.5,3600.0,600.0,,,,,,,,,,
R5_acquisition_delay,II,external_hash,0.1,2,,,,tie_win,0.056125,a2e0821,600.0,,,,,,200000.0,11225.0,0.055124784057321324,0.05714226689051647,,1.047598797215057e+19,,,,,,,,,,,,,,,,,86400.0,,,,,,,,,,,0.1,3600.0,1800.0,,,,,,,,,,
R5_acquisition_delay,II,external_hash,0.1,2,,,,tie_win,0.10696,a2e0821,600.0,,,,,,200000.0,21392.0,0.10561304032240143,0.10832205785735224,,6.208042092186537e+18,,,,,,,,,,,,,,,,,86400.0,,,,,,,,,,,0.2,3600.0,1800.0,,,,,,,,,,
R5_acquisition_delay,II,external_hash,0.1,2,,,,tie_win,0.205635,a2e0821,600.0,,,,,,200000.0,41127.0,0.20386936371538697,0.20741194397768045,,1.1805520346445212e+19,,,,,,,,,,,,,,,,,86400.0,,,,,,,,,,,0.33,3600.0,1800.0,,,,,,,,,,
R5_acquisition_delay,II,external_hash,0.1,2,,,,tie_win,0.275875,a2e0821,600.0,,,,,,200000.0,55175.0,0.27392049203461327,0.2778381174696033,,6.994356712378288e+18,,,,,,,,,,,,,,,,,86400.0,,,,,,,,,,,0.4,3600.0,1800.0,,,,,,,,,,
R5_acquisition_delay,II,external_hash,0.1,2,,,,tie_win,0.391015,a2e0821,600.0,,,,,,200000.0,78203.0,0.3888784953607519,0.39315569117273186,,6.301478487227905e+18,,,,,,,,,,,,,,,,,86400.0,,,,,,,,,,,0.5,3600.0,1800.0,,,,,,,,,,
R5_acquisition_delay,II,external_hash,0.1,2,,,,tie_win,0.056225,a2e0821,600.0,,,,,,200000.0,11245.0,0.05522393744222451,0.057243109664228235,,1.8275349580135193e+19,,,,,,,,,,,,,,,,,86400.0,,,,,,,,,,,0.1,3600.0,3600.0,,,,,,,,,,
R5_acquisition_delay,II,external_hash,0.1,2,,,,tie_win,0.06905,a2e0821,600.0,,,,,,200000.0,13810.0,0.06794709319365394,0.07016946125516767,,7.718385502411365e+18,,,,,,,,,,,,,,,,,86400.0,,,,,,,,,,,0.2,3600.0,3600.0,,,,,,,,,,
R5_acquisition_delay,II,external_hash,0.1,2,,,,tie_win,0.100855,a2e0821,600.0,,,,,,200000.0,20171.0,0.09954289154307713,0.10218244115323312,,4.666774125833853e+18,,,,,,,,,,,,,,,,,86400.0,,,,,,,,,,,0.33,3600.0,3600.0,,,,,,,,,,
R5_acquisition_delay,II,external_hash,0.1,2,,,,tie_win,0.126875,a2e0821,600.0,,,,,,200000.0,25375.0,0.12542348532445727,0.12834084784346608,,1.7934880074532104e+19,,,,,,,,,,,,,,,,,86400.0,,,,,,,,,,,0.4,3600.0,3600.0,,,,,,,,,,
R5_acquisition_delay,II,external_hash,0.1,2,,,,tie_win,0.181395,a2e0821,600.0,,,,,,200000.0,36279.0,0.17971230617899878,0.18308993266580184,,1.324004931545013e+19,,,,,,,,,,,,,,,,,86400.0,,,,,,,,,,,0.5,3600.0,3600.0,,,,,,,,,,
R6_external_threshold,II,analytical,0.1,1,,,,,0.5,a2e0821,,,,,,,,,,,,,,,,,,,,,,,,,,,,,,,,,,,,,,,,,,,0.24999999999999997,0.14999999999999997,0.17647058823529407,,,,,,,
R6_external_threshold,II,analytical,0.1,2,,,,,0.5,a2e0821,,,,,,,,,,,,,,,,,,,,,,,,,,,,,,,,,,,,,,,,,,,0.32635182233306964,0.22635182233306964,0.29257720610894816,,,,,,,
R6_external_threshold,II,analytical,0.1,3,,,,,0.5,a2e0821,,,,,,,,,,,,,,,,,,,,,,,,,,,,,,,,,,,,,,,,,,,0.3594361647896471,0.25943616478964704,0.35032248734635507,,,,,,,
R6_external_threshold,II,analytical,0.1,5,,,,,0.5,a2e0821,,,,,,,,,,,,,,,,,,,,,,,,,,,,,,,,,,,,,,,,,,,0.3919638424681737,0.29196384246817364,0.41235724950254365,,,,,,,
R6_external_threshold,II,analytical,0.1,10,,,,,0.5,a2e0821,,,,,,,,,,,,,,,,,,,,,,,,,,,,,,,,,,,,,,,,,,,0.4240865322796804,0.32408653227968043,0.47947932354823475,,,,,,,
R6_external_threshold,II,analytical,0.1,1,,,,,0.25,a2e0821,,,,,,,,,,,,,,,,,,,,,,,,,,,,,,,,,,,,,,,,,,,0.12499999999999999,0.02499999999999998,0.025641025641025623,,,,,,,
R6_external_threshold,II,analytical,0.1,2,,,,,0.25,a2e0821,,,,,,,,,,,,,,,,,,,,,,,,,,,,,,,,,,,,,,,,,,,0.22106265083423765,0.12106265083423765,0.13773752014195717,,,,,,,
R6_external_threshold,II,analytical,0.1,3,,,,,0.25,a2e0821,,,,,,,,,,,,,,,,,,,,,,,,,,,,,,,,,,,,,,,,,,,0.2693785717182024,0.1693785717182024,0.20391789321950746,,,,,,,
R6_external_threshold,II,analytical,0.1,5,,,,,0.25,a2e0821,,,,,,,,,,,,,,,,,,,,,,,,,,,,,,,,,,,,,,,,,,,0.3198688568326927,0.21986885683269272,0.28183576409990796,,,,,,,
R6_external_threshold,II,analytical,0.1,10,,,,,0.25,a2e0821,,,,,,,,,,,,,,,,,,,,,,,,,,,,,,,,,,,,,,,,,,,0.3719566892615804,0.27195668926158034,0.37354465764646283,,,,,,,
R6_external_threshold,II,analytical,0.1,1,,,,,0.1,a2e0821,,,,,,,,,,,,,,,,,,,,,,,,,,,,,,,,,,,,,,,,,,,0.04999999999999999,0.0,0.0,,,,,,,
R6_external_threshold,II,analytical,0.1,2,,,,,0.1,a2e0821,,,,,,,,,,,,,,,,,,,,,,,,,,,,,,,,,,,,,,,,,,,0.13535036217158378,0.03535036217158377,0.03664580463759175,,,,,,,
R6_external_threshold,II,analytical,0.1,3,,,,,0.1,a2e0821,,,,,,,,,,,,,,,,,,,,,,,,,,,,,,,,,,,,,,,,,,,0.18925537743777085,0.08925537743777084,0.09800264006683414,,,,,,,
R6_external_threshold,II,analytical,0.1,5,,,,,0.1,a2e0821,,,,,,,,,,,,,,,,,,,,,,,,,,,,,,,,,,,,,,,,,,,0.25136762740817725,0.15136762740817725,0.17836654869278998,,,,,,,
R6_external_threshold,II,analytical,0.1,10,,,,,0.1,a2e0821,,,,,,,,,,,,,,,,,,,,,,,,,,,,,,,,,,,,,,,,,,,0.3200865295887251,0.22008652958872507,0.282193522664336,,,,,,,
R6_external_threshold,II,analytical,0.1,1,,,,,0.05,a2e0821,,,,,,,,,,,,,,,,,,,,,,,,,,,,,,,,,,,,,,,,,,,0.024999999999999977,0.0,0.0,,,,,,,
R6_external_threshold,II,analytical,0.1,2,,,,,0.05,a2e0821,,,,,,,,,,,,,,,,,,,,,,,,,,,,,,,,,,,,,,,,,,,0.09429932405024605,0.0,0.0,,,,,,,
R6_external_threshold,II,analytical,0.1,3,,,,,0.05,a2e0821,,,,,,,,,,,,,,,,,,,,,,,,,,,,,,,,,,,,,,,,,,,0.1466327996346731,0.046632799634673094,0.04891378643696109,,,,,,,
R6_external_threshold,II,analytical,0.1,5,,,,,0.05,a2e0821,,,,,,,,,,,,,,,,,,,,,,,,,,,,,,,,,,,,,,,,,,,0.2120085067788679,0.1120085067788679,0.12613691418660355,,,,,,,
R6_external_threshold,II,analytical,0.1,10,,,,,0.05,a2e0821,,,,,,,,,,,,,,,,,,,,,,,,,,,,,,,,,,,,,,,,,,,0.28864324791700036,0.18864324791700035,0.2325034547783028,,,,,,,
R6_external_threshold,II,analytical,0.1,1,,,,,0.01,a2e0821,,,,,,,,,,,,,,,,,,,,,,,,,,,,,,,,,,,,,,,,,,,0.004999999999999996,0.0,0.0,,,,,,,
R6_external_threshold,II,analytical,0.1,2,,,,,0.01,a2e0821,,,,,,,,,,,,,,,,,,,,,,,,,,,,,,,,,,,,,,,,,,,0.041400150716043145,0.0,0.0,,,,,,,
R6_external_threshold,II,analytical,0.1,3,,,,,0.01,a2e0821,,,,,,,,,,,,,,,,,,,,,,,,,,,,,,,,,,,,,,,,,,,0.08282918720147675,0.0,0.0,,,,,,,
R6_external_threshold,II,analytical,0.1,5,,,,,0.01,a2e0821,,,,,,,,,,,,,,,,,,,,,,,,,,,,,,,,,,,,,,,,,,,0.14605622433501395,0.04605622433501394,0.048279810099823274,,,,,,,
R6_external_threshold,II,analytical,0.1,10,,,,,0.01,a2e0821,,,,,,,,,,,,,,,,,,,,,,,,,,,,,,,,,,,,,,,,,,,0.2316001886191283,0.13160018861912828,0.15154331782945277,,,,,,,
R7_economics,II,economic,0.1,1,600s × 1,,,,0.19999999999999998,a2e0821,600.0,,,,,,,,,,,,,,,,,,,,,,,5.0,,,,,,,,,,,,,,,,,,,,,,1.0,199998.99999999997,5.0,,,,
R7_economics,II,economic,0.1,2,600s × 2,,,,0.055999999999999925,a2e0821,600.0,,,,,,,,,,,,,,,,,,,,,,,35.714285714285765,,,,,,,,,,,,,,,,,,,,,,2.0,55997.99999999993,35.714285714285765,,,,
R7_economics,II,economic,0.1,3,600s × 3,,,,0.017119999999999906,a2e0821,600.0,,,,,,,,,,,,,,,,,,,,,,,175.23364485981404,,,,,,,,,,,,,,,,,,,,,,3.0,17116.999999999905,175.23364485981404,,,,
R7_economics,II,economic,0.1,5,600s × 5,,,,0.0017818400000000187,a2e0821,600.0,,,,,,,,,,,,,,,,,,,,,,,2806.0880887172516,,,,,,,,,,,,,,,,,,,,,,5.0,1776.8400000000188,2806.0880887172516,,,,
R7_economics,II,economic,0.1,10,600s × 10,,,,7.859764652798608e-06,a2e0821,600.0,,,,,,,,,,,,,,,,,,,,,,,1272302.7268302904,,,,,,,,,,,,,,,,,,,,,,10.0,-2.1402353472013917,1272302.7268302904,,,,
R7_economics,II,economic,0.1,1,60s × 1,,,,0.19999999999999998,a2e0821,60.0,,,,,,,,,,,,,,,,,,,,,,,5.000000000000001,,,,,,,,,,,,,,,,,,,,,,0.1,199999.89999999997,0.5000000000000001,,,,
R7_economics,II,economic,0.1,2,60s × 2,,,,0.055999999999999925,a2e0821,60.0,,,,,,,,,,,,,,,,,,,,,,,35.714285714285765,,,,,,,,,,,,,,,,,,,,,,0.2,55999.79999999993,3.5714285714285765,,,,
R7_economics,II,economic,0.1,3,60s × 3,,,,0.017119999999999906,a2e0821,60.0,,,,,,,,,,,,,,,,,,,,,,,175.23364485981406,,,,,,,,,,,,,,,,,,,,,,0.30000000000000004,17119.699999999906,17.523364485981407,,,,
R7_economics,II,economic,0.1,5,60s × 5,,,,0.0017818400000000187,a2e0821,60.0,,,,,,,,,,,,,,,,,,,,,,,2806.0880887172516,,,,,,,,,,,,,,,,,,,,,,0.5,1781.3400000000188,280.60880887172516,,,,
R7_economics,II,economic,0.1,10,60s × 10,,,,7.859764652798608e-06,a2e0821,60.0,,,,,,,,,,,,,,,,,,,,,,,1272302.7268302904,,,,,,,,,,,,,,,,,,,,,,1.0,6.859764652798608,127230.27268302905,,,,
R8_cost_accounting,II,cost,0.1,1,600s × 1,,,,0.19999999999999998,a2e0821,600.0,,,,,,,,,,,,,,,,,,,,,,,,,,,,,,,,,,,,,,,,,,,,,600.0,,,1.0,0.1,600.0,600.0
R8_cost_accounting,II,cost,0.1,2,600s × 2,,,,0.055999999999999925,a2e0821,600.0,,,,,,,,,,,,,,,,,,,,,,,,,,,,,,,,,,,,,,,,,,,,,1200.0,,,2.0,0.1,1200.0,1200.0
R8_cost_accounting,II,cost,0.1,3,600s × 3,,,,0.017119999999999906,a2e0821,600.0,,,,,,,,,,,,,,,,,,,,,,,,,,,,,,,,,,,,,,,,,,,,,1800.0,,,3.0,0.1,1800.0,1800.0
R8_cost_accounting,II,cost,0.1,5,600s × 5,,,,0.0017818400000000187,a2e0821,600.0,,,,,,,,,,,,,,,,,,,,,,,,,,,,,,,,,,,,,,,,,,,,,3000.0,,,5.0,0.1,3000.0,3000.0
R8_cost_accounting,II,cost,0.1,10,600s × 10,,,,7.859764652798608e-06,a2e0821,600.0,,,,,,,,,,,,,,,,,,,,,,,,,,,,,,,,,,,,,,,,,,,,,6000.0,,,10.0,0.1,6000.0,6000.0
R8_cost_accounting,II,cost,0.1,1,60s × 1,,,,0.19999999999999998,a2e0821,60.0,,,,,,,,,,,,,,,,,,,,,,,,,,,,,,,,,,,,,,,,,,,,,60.0,,,0.1,0.1,60.0,60.0
R8_cost_accounting,II,cost,0.1,2,60s × 2,,,,0.055999999999999925,a2e0821,60.0,,,,,,,,,,,,,,,,,,,,,,,,,,,,,,,,,,,,,,,,,,,,,120.0,,,0.2,0.1,120.0,120.0
R8_cost_accounting,II,cost,0.1,3,60s × 3,,,,0.017119999999999906,a2e0821,60.0,,,,,,,,,,,,,,,,,,,,,,,,,,,,,,,,,,,,,,,,,,,,,180.0,,,0.30000000000000004,0.1,180.0,180.0
R8_cost_accounting,II,cost,0.1,5,60s × 5,,,,0.0017818400000000187,a2e0821,60.0,,,,,,,,,,,,,,,,,,,,,,,,,,,,,,,,,,,,,,,,,,,,,300.0,,,0.5,0.1,300.0,300.0
R8_cost_accounting,II,cost,0.1,10,60s × 10,,,,7.859764652798608e-06,a2e0821,60.0,,,,,,,,,,,,,,,,,,,,,,,,,,,,,,,,,,,,,,,,,,,,,600.0,,,1.0,0.1,600.0,600.0
